,subject_text,verb_text,object_text,verb_lemmatized,subject_object_pair,Frequency
0,majority,eat,invertebrates,eat,majority invertebrates,345
1,majority,eat,invertebrates,eat,majority invertebrates,345
2,majority,eat,invertebrates,eat,majority invertebrates,345
3,majority,eat,invertebrates,eat,majority invertebrates,345
4,majority,eat,invertebrates,eat,majority invertebrates,345
5,majority,eat,invertebrates,eat,majority invertebrates,345
6,majority,eat,invertebrates,eat,majority invertebrates,345
7,majority,eat,invertebrates,eat,majority invertebrates,345
8,majority,eat,invertebrates,eat,majority invertebrates,345
9,majority,eat,invertebrates,eat,majority invertebrates,345
10,majority,eat,invertebrates,eat,majority invertebrates,345
11,majority,eat,invertebrates,eat,majority invertebrates,345
12,majority,eat,invertebrates,eat,majority invertebrates,345
13,majority,eat,invertebrates,eat,majority invertebrates,345
14,majority,eat,invertebrates,eat,majority invertebrates,345
15,majority,eat,invertebrates,eat,majority invertebrates,345
16,majority,eat,invertebrates,eat,majority invertebrates,345
17,majority,eat,invertebrates,eat,majority invertebrates,345
18,majority,eat,invertebrates,eat,majority invertebrates,345
19,majority,eat,invertebrates,eat,majority invertebrates,345
20,majority,eat,invertebrates,eat,majority invertebrates,345
21,majority,eat,invertebrates,eat,majority invertebrates,345
22,majority,eat,invertebrates,eat,majority invertebrates,345
23,majority,eat,invertebrates,eat,majority invertebrates,345
24,majority,eat,invertebrates,eat,majority invertebrates,345
25,majority,eat,invertebrates,eat,majority invertebrates,345
26,majority,eat,invertebrates,eat,majority invertebrates,345
27,majority,eat,invertebrates,eat,majority invertebrates,345
28,majority,eat,invertebrates,eat,majority invertebrates,345
29,majority,eat,invertebrates,eat,majority invertebrates,345
30,majority,eat,invertebrates,eat,majority invertebrates,345
31,majority,eat,invertebrates,eat,majority invertebrates,345
32,majority,eat,invertebrates,eat,majority invertebrates,345
33,majority,eat,invertebrates,eat,majority invertebrates,345
34,majority,eat,invertebrates,eat,majority invertebrates,345
35,majority,eat,invertebrates,eat,majority invertebrates,345
36,majority,eat,invertebrates,eat,majority invertebrates,345
37,majority,eat,invertebrates,eat,majority invertebrates,345
38,majority,eat,invertebrates,eat,majority invertebrates,345
39,majority,eat,invertebrates,eat,majority invertebrates,345
40,majority,eat,invertebrates,eat,majority invertebrates,345
41,majority,eat,invertebrates,eat,majority invertebrates,345
42,majority,eat,invertebrates,eat,majority invertebrates,345
43,majority,eat,invertebrates,eat,majority invertebrates,345
44,majority,eat,invertebrates,eat,majority invertebrates,345
45,majority,eat,invertebrates,eat,majority invertebrates,345
46,majority,eat,invertebrates,eat,majority invertebrates,345
47,majority,eat,invertebrates,eat,majority invertebrates,345
48,majority,eat,invertebrates,eat,majority invertebrates,345
49,majority,eat,invertebrates,eat,majority invertebrates,345
50,majority,eat,invertebrates,eat,majority invertebrates,345
51,majority,eat,invertebrates,eat,majority invertebrates,345
52,majority,eat,invertebrates,eat,majority invertebrates,345
53,majority,eat,invertebrates,eat,majority invertebrates,345
54,majority,eat,invertebrates,eat,majority invertebrates,345
55,majority,eat,invertebrates,eat,majority invertebrates,345
56,majority,eat,invertebrates,eat,majority invertebrates,345
57,majority,eat,invertebrates,eat,majority invertebrates,345
58,majority,eat,invertebrates,eat,majority invertebrates,345
59,majority,eat,invertebrates,eat,majority invertebrates,345
60,majority,eat,invertebrates,eat,majority invertebrates,345
61,majority,eat,invertebrates,eat,majority invertebrates,345
62,majority,eat,invertebrates,eat,majority invertebrates,345
63,majority,eat,invertebrates,eat,majority invertebrates,345
64,majority,eat,invertebrates,eat,majority invertebrates,345
65,majority,eat,invertebrates,eat,majority invertebrates,345
66,majority,eat,invertebrates,eat,majority invertebrates,345
67,majority,eat,invertebrates,eat,majority invertebrates,345
68,majority,eat,invertebrates,eat,majority invertebrates,345
69,majority,eat,invertebrates,eat,majority invertebrates,345
70,majority,eat,invertebrates,eat,majority invertebrates,345
71,majority,eat,invertebrates,eat,majority invertebrates,345
72,majority,eat,invertebrates,eat,majority invertebrates,345
73,majority,eat,invertebrates,eat,majority invertebrates,345
74,majority,eat,invertebrates,eat,majority invertebrates,345
75,majority,eat,invertebrates,eat,majority invertebrates,345
76,majority,eat,invertebrates,eat,majority invertebrates,345
77,majority,eat,invertebrates,eat,majority invertebrates,345
78,majority,eat,invertebrates,eat,majority invertebrates,345
79,majority,eat,invertebrates,eat,majority invertebrates,345
80,majority,eat,invertebrates,eat,majority invertebrates,345
81,majority,eat,invertebrates,eat,majority invertebrates,345
82,majority,eat,invertebrates,eat,majority invertebrates,345
83,majority,eat,invertebrates,eat,majority invertebrates,345
84,majority,eat,invertebrates,eat,majority invertebrates,345
85,majority,eat,invertebrates,eat,majority invertebrates,345
86,majority,eat,invertebrates,eat,majority invertebrates,345
87,majority,eat,invertebrates,eat,majority invertebrates,345
88,majority,eat,invertebrates,eat,majority invertebrates,345
89,majority,eat,invertebrates,eat,majority invertebrates,345
90,majority,eat,invertebrates,eat,majority invertebrates,345
91,majority,eat,invertebrates,eat,majority invertebrates,345
92,majority,eat,invertebrates,eat,majority invertebrates,345
93,majority,eat,invertebrates,eat,majority invertebrates,345
94,majority,eat,invertebrates,eat,majority invertebrates,345
95,majority,eat,invertebrates,eat,majority invertebrates,345
96,majority,eat,invertebrates,eat,majority invertebrates,345
97,majority,eat,invertebrates,eat,majority invertebrates,345
98,majority,eat,invertebrates,eat,majority invertebrates,345
99,majority,eat,invertebrates,eat,majority invertebrates,345
100,majority,eat,invertebrates,eat,majority invertebrates,345
101,majority,eat,invertebrates,eat,majority invertebrates,345
102,majority,eat,invertebrates,eat,majority invertebrates,345
103,majority,eat,invertebrates,eat,majority invertebrates,345
104,majority,eat,invertebrates,eat,majority invertebrates,345
105,majority,eat,invertebrates,eat,majority invertebrates,345
106,majority,eat,invertebrates,eat,majority invertebrates,345
107,majority,eat,invertebrates,eat,majority invertebrates,345
108,majority,eat,invertebrates,eat,majority invertebrates,345
109,majority,eat,invertebrates,eat,majority invertebrates,345
110,majority,eat,invertebrates,eat,majority invertebrates,345
111,majority,eat,invertebrates,eat,majority invertebrates,345
112,majority,eat,invertebrates,eat,majority invertebrates,345
113,majority,eat,invertebrates,eat,majority invertebrates,345
114,majority,eat,invertebrates,eat,majority invertebrates,345
115,majority,eat,invertebrates,eat,majority invertebrates,345
116,majority,eat,invertebrates,eat,majority invertebrates,345
117,majority,eat,invertebrates,eat,majority invertebrates,345
118,majority,eat,invertebrates,eat,majority invertebrates,345
119,majority,eat,invertebrates,eat,majority invertebrates,345
120,majority,eat,invertebrates,eat,majority invertebrates,345
121,majority,eat,invertebrates,eat,majority invertebrates,345
122,majority,eat,invertebrates,eat,majority invertebrates,345
123,majority,eat,invertebrates,eat,majority invertebrates,345
124,majority,eat,invertebrates,eat,majority invertebrates,345
125,majority,eat,invertebrates,eat,majority invertebrates,345
126,majority,eat,invertebrates,eat,majority invertebrates,345
127,majority,eat,invertebrates,eat,majority invertebrates,345
128,majority,eat,invertebrates,eat,majority invertebrates,345
129,majority,eat,invertebrates,eat,majority invertebrates,345
130,majority,eat,invertebrates,eat,majority invertebrates,345
131,majority,eat,invertebrates,eat,majority invertebrates,345
132,majority,eat,invertebrates,eat,majority invertebrates,345
133,majority,eat,invertebrates,eat,majority invertebrates,345
134,majority,eat,invertebrates,eat,majority invertebrates,345
135,majority,eat,invertebrates,eat,majority invertebrates,345
136,majority,eat,invertebrates,eat,majority invertebrates,345
137,majority,eat,invertebrates,eat,majority invertebrates,345
138,majority,eat,invertebrates,eat,majority invertebrates,345
139,majority,eat,invertebrates,eat,majority invertebrates,345
140,majority,eat,invertebrates,eat,majority invertebrates,345
141,majority,eat,invertebrates,eat,majority invertebrates,345
142,majority,eat,invertebrates,eat,majority invertebrates,345
143,majority,eat,invertebrates,eat,majority invertebrates,345
144,majority,eat,invertebrates,eat,majority invertebrates,345
145,majority,eat,invertebrates,eat,majority invertebrates,345
146,majority,eat,invertebrates,eat,majority invertebrates,345
147,majority,eat,invertebrates,eat,majority invertebrates,345
148,majority,eat,invertebrates,eat,majority invertebrates,345
149,majority,eat,invertebrates,eat,majority invertebrates,345
150,majority,eat,invertebrates,eat,majority invertebrates,345
151,majority,eat,invertebrates,eat,majority invertebrates,345
152,majority,eat,invertebrates,eat,majority invertebrates,345
153,majority,eat,invertebrates,eat,majority invertebrates,345
154,majority,eat,invertebrates,eat,majority invertebrates,345
155,majority,eat,invertebrates,eat,majority invertebrates,345
156,majority,eat,invertebrates,eat,majority invertebrates,345
157,majority,eat,invertebrates,eat,majority invertebrates,345
158,majority,eat,invertebrates,eat,majority invertebrates,345
159,majority,eat,invertebrates,eat,majority invertebrates,345
160,majority,eat,invertebrates,eat,majority invertebrates,345
161,majority,eat,invertebrates,eat,majority invertebrates,345
162,majority,eat,invertebrates,eat,majority invertebrates,345
163,majority,eat,invertebrates,eat,majority invertebrates,345
164,majority,eat,invertebrates,eat,majority invertebrates,345
165,majority,eat,invertebrates,eat,majority invertebrates,345
166,majority,eat,invertebrates,eat,majority invertebrates,345
167,majority,eat,invertebrates,eat,majority invertebrates,345
168,majority,eat,invertebrates,eat,majority invertebrates,345
169,majority,eat,invertebrates,eat,majority invertebrates,345
170,majority,eat,invertebrates,eat,majority invertebrates,345
171,majority,eat,invertebrates,eat,majority invertebrates,345
172,majority,eat,invertebrates,eat,majority invertebrates,345
173,majority,eat,invertebrates,eat,majority invertebrates,345
174,majority,eat,invertebrates,eat,majority invertebrates,345
175,majority,eat,invertebrates,eat,majority invertebrates,345
176,majority,eat,invertebrates,eat,majority invertebrates,345
177,majority,eat,invertebrates,eat,majority invertebrates,345
178,majority,eat,invertebrates,eat,majority invertebrates,345
179,majority,eat,invertebrates,eat,majority invertebrates,345
180,majority,eat,invertebrates,eat,majority invertebrates,345
181,majority,eat,invertebrates,eat,majority invertebrates,345
182,majority,eat,invertebrates,eat,majority invertebrates,345
183,majority,eat,invertebrates,eat,majority invertebrates,345
184,majority,eat,invertebrates,eat,majority invertebrates,345
185,majority,eat,invertebrates,eat,majority invertebrates,345
186,majority,eat,invertebrates,eat,majority invertebrates,345
187,majority,eat,invertebrates,eat,majority invertebrates,345
188,majority,eat,invertebrates,eat,majority invertebrates,345
189,majority,eat,invertebrates,eat,majority invertebrates,345
190,majority,eat,invertebrates,eat,majority invertebrates,345
191,majority,eat,invertebrates,eat,majority invertebrates,345
192,majority,eat,invertebrates,eat,majority invertebrates,345
193,majority,eat,invertebrates,eat,majority invertebrates,345
194,majority,eat,invertebrates,eat,majority invertebrates,345
195,majority,eat,invertebrates,eat,majority invertebrates,345
196,majority,eat,invertebrates,eat,majority invertebrates,345
197,majority,eat,invertebrates,eat,majority invertebrates,345
198,majority,eat,invertebrates,eat,majority invertebrates,345
199,majority,eat,invertebrates,eat,majority invertebrates,345
200,majority,eat,invertebrates,eat,majority invertebrates,345
201,majority,eat,invertebrates,eat,majority invertebrates,345
202,majority,eat,invertebrates,eat,majority invertebrates,345
203,majority,eat,invertebrates,eat,majority invertebrates,345
204,majority,eat,invertebrates,eat,majority invertebrates,345
205,majority,eat,invertebrates,eat,majority invertebrates,345
206,majority,eat,invertebrates,eat,majority invertebrates,345
207,majority,eat,invertebrates,eat,majority invertebrates,345
208,majority,eat,invertebrates,eat,majority invertebrates,345
209,majority,eat,invertebrates,eat,majority invertebrates,345
210,majority,eat,invertebrates,eat,majority invertebrates,345
211,majority,eat,invertebrates,eat,majority invertebrates,345
212,majority,eat,invertebrates,eat,majority invertebrates,345
213,majority,eat,invertebrates,eat,majority invertebrates,345
214,majority,eat,invertebrates,eat,majority invertebrates,345
215,majority,eat,invertebrates,eat,majority invertebrates,345
216,majority,eat,invertebrates,eat,majority invertebrates,345
217,majority,eat,invertebrates,eat,majority invertebrates,345
218,majority,eat,invertebrates,eat,majority invertebrates,345
219,majority,eat,invertebrates,eat,majority invertebrates,345
220,majority,eat,invertebrates,eat,majority invertebrates,345
221,majority,eat,invertebrates,eat,majority invertebrates,345
222,majority,eat,invertebrates,eat,majority invertebrates,345
223,majority,eat,invertebrates,eat,majority invertebrates,345
224,majority,eat,invertebrates,eat,majority invertebrates,345
225,majority,eat,invertebrates,eat,majority invertebrates,345
226,majority,eat,invertebrates,eat,majority invertebrates,345
227,majority,eat,invertebrates,eat,majority invertebrates,345
228,majority,eat,invertebrates,eat,majority invertebrates,345
229,majority,eat,invertebrates,eat,majority invertebrates,345
230,majority,eat,invertebrates,eat,majority invertebrates,345
231,majority,eat,invertebrates,eat,majority invertebrates,345
232,majority,eat,invertebrates,eat,majority invertebrates,345
233,majority,eat,invertebrates,eat,majority invertebrates,345
234,majority,eat,invertebrates,eat,majority invertebrates,345
235,majority,eat,invertebrates,eat,majority invertebrates,345
236,majority,eat,invertebrates,eat,majority invertebrates,345
237,majority,eat,invertebrates,eat,majority invertebrates,345
238,majority,eat,invertebrates,eat,majority invertebrates,345
239,majority,eat,invertebrates,eat,majority invertebrates,345
240,majority,eat,invertebrates,eat,majority invertebrates,345
241,majority,eat,invertebrates,eat,majority invertebrates,345
242,majority,eat,invertebrates,eat,majority invertebrates,345
243,majority,eat,invertebrates,eat,majority invertebrates,345
244,majority,eat,invertebrates,eat,majority invertebrates,345
245,majority,eat,invertebrates,eat,majority invertebrates,345
246,majority,eat,invertebrates,eat,majority invertebrates,345
247,majority,eat,invertebrates,eat,majority invertebrates,345
248,majority,eat,invertebrates,eat,majority invertebrates,345
249,majority,eat,invertebrates,eat,majority invertebrates,345
250,majority,eat,invertebrates,eat,majority invertebrates,345
251,majority,eat,invertebrates,eat,majority invertebrates,345
252,majority,eat,invertebrates,eat,majority invertebrates,345
253,majority,eat,invertebrates,eat,majority invertebrates,345
254,majority,eat,invertebrates,eat,majority invertebrates,345
255,majority,eat,invertebrates,eat,majority invertebrates,345
256,majority,eat,invertebrates,eat,majority invertebrates,345
257,majority,eat,invertebrates,eat,majority invertebrates,345
258,majority,eat,invertebrates,eat,majority invertebrates,345
259,majority,eat,invertebrates,eat,majority invertebrates,345
260,majority,eat,invertebrates,eat,majority invertebrates,345
261,majority,eat,invertebrates,eat,majority invertebrates,345
262,majority,eat,invertebrates,eat,majority invertebrates,345
263,majority,eat,invertebrates,eat,majority invertebrates,345
264,majority,eat,invertebrates,eat,majority invertebrates,345
265,majority,eat,invertebrates,eat,majority invertebrates,345
266,majority,eat,invertebrates,eat,majority invertebrates,345
267,majority,eat,invertebrates,eat,majority invertebrates,345
268,majority,eat,invertebrates,eat,majority invertebrates,345
269,majority,eat,invertebrates,eat,majority invertebrates,345
270,majority,eat,invertebrates,eat,majority invertebrates,345
271,majority,eat,invertebrates,eat,majority invertebrates,345
272,majority,eat,invertebrates,eat,majority invertebrates,345
273,majority,eat,invertebrates,eat,majority invertebrates,345
274,majority,eat,invertebrates,eat,majority invertebrates,345
275,majority,eat,invertebrates,eat,majority invertebrates,345
276,majority,eat,invertebrates,eat,majority invertebrates,345
277,majority,eat,invertebrates,eat,majority invertebrates,345
278,majority,eat,invertebrates,eat,majority invertebrates,345
279,majority,eat,invertebrates,eat,majority invertebrates,345
280,majority,eat,invertebrates,eat,majority invertebrates,345
281,majority,eat,invertebrates,eat,majority invertebrates,345
282,majority,eat,invertebrates,eat,majority invertebrates,345
283,majority,eat,invertebrates,eat,majority invertebrates,345
284,majority,eat,invertebrates,eat,majority invertebrates,345
285,majority,eat,invertebrates,eat,majority invertebrates,345
286,majority,eat,invertebrates,eat,majority invertebrates,345
287,majority,eat,invertebrates,eat,majority invertebrates,345
288,majority,eat,invertebrates,eat,majority invertebrates,345
289,majority,eat,invertebrates,eat,majority invertebrates,345
290,majority,eat,invertebrates,eat,majority invertebrates,345
291,majority,eat,invertebrates,eat,majority invertebrates,345
292,majority,eat,invertebrates,eat,majority invertebrates,345
293,majority,eat,invertebrates,eat,majority invertebrates,345
294,majority,eat,invertebrates,eat,majority invertebrates,345
295,majority,eat,invertebrates,eat,majority invertebrates,345
296,majority,eat,invertebrates,eat,majority invertebrates,345
297,majority,eat,invertebrates,eat,majority invertebrates,345
298,majority,eat,invertebrates,eat,majority invertebrates,345
299,majority,eat,invertebrates,eat,majority invertebrates,345
300,majority,eat,invertebrates,eat,majority invertebrates,345
301,majority,eat,invertebrates,eat,majority invertebrates,345
302,majority,eat,invertebrates,eat,majority invertebrates,345
303,majority,eat,invertebrates,eat,majority invertebrates,345
304,majority,eat,invertebrates,eat,majority invertebrates,345
305,majority,eat,invertebrates,eat,majority invertebrates,345
306,majority,eat,invertebrates,eat,majority invertebrates,345
307,majority,eat,invertebrates,eat,majority invertebrates,345
308,majority,eat,invertebrates,eat,majority invertebrates,345
309,majority,eat,invertebrates,eat,majority invertebrates,345
310,majority,eat,invertebrates,eat,majority invertebrates,345
311,majority,eat,invertebrates,eat,majority invertebrates,345
312,majority,eat,invertebrates,eat,majority invertebrates,345
313,majority,eat,invertebrates,eat,majority invertebrates,345
314,majority,eat,invertebrates,eat,majority invertebrates,345
315,majority,eat,invertebrates,eat,majority invertebrates,345
316,majority,eat,invertebrates,eat,majority invertebrates,345
317,majority,eat,invertebrates,eat,majority invertebrates,345
318,majority,eat,invertebrates,eat,majority invertebrates,345
319,majority,eat,invertebrates,eat,majority invertebrates,345
320,majority,eat,invertebrates,eat,majority invertebrates,345
321,majority,eat,invertebrates,eat,majority invertebrates,345
322,majority,eat,invertebrates,eat,majority invertebrates,345
323,majority,eat,invertebrates,eat,majority invertebrates,345
324,majority,eat,invertebrates,eat,majority invertebrates,345
325,majority,eat,invertebrates,eat,majority invertebrates,345
326,majority,eat,invertebrates,eat,majority invertebrates,345
327,majority,eat,invertebrates,eat,majority invertebrates,345
328,majority,eat,invertebrates,eat,majority invertebrates,345
329,majority,eat,invertebrates,eat,majority invertebrates,345
330,majority,eat,invertebrates,eat,majority invertebrates,345
331,majority,eat,invertebrates,eat,majority invertebrates,345
332,majority,eat,invertebrates,eat,majority invertebrates,345
333,majority,eat,invertebrates,eat,majority invertebrates,345
334,majority,eat,invertebrates,eat,majority invertebrates,345
335,majority,eat,invertebrates,eat,majority invertebrates,345
336,majority,eat,invertebrates,eat,majority invertebrates,345
337,majority,eat,invertebrates,eat,majority invertebrates,345
338,majority,eat,invertebrates,eat,majority invertebrates,345
339,majority,eat,invertebrates,eat,majority invertebrates,345
340,majority,eat,invertebrates,eat,majority invertebrates,345
341,majority,eat,invertebrates,eat,majority invertebrates,345
342,majority,eat,invertebrates,eat,majority invertebrates,345
343,majority,eat,invertebrates,eat,majority invertebrates,345
344,majority,eat,invertebrates,eat,majority invertebrates,345
345,people,eat,food,eat,people food,32
346,people,eat,food,eat,people food,32
347,people,ate,food,eat,people food,32
348,people,eat,food,eat,people food,32
349,people,eat,food,eat,people food,32
350,people,eat,food,eat,people food,32
351,people,eat,food,eat,people food,32
352,people,eat,food,eat,people food,32
353,people,eat,food,eat,people food,32
354,people,eat,food,eat,people food,32
355,people,eat,food,eat,people food,32
356,people,eat,food,eat,people food,32
357,people,eat,food,eat,people food,32
358,people,eat,food,eat,people food,32
359,people,eat,food,eat,people food,32
360,people,ate,food,eat,people food,32
361,people,eating,food,eat,people food,32
362,people,eat,food,eat,people food,32
363,people,eat,food,eat,people food,32
364,people,eat,food,eat,people food,32
365,people,ate,food,eat,people food,32
366,people,eat,food,eat,people food,32
367,people,ate,food,eat,people food,32
368,people,eat,food,eat,people food,32
369,people,ate,food,eat,people food,32
370,people,eat,food,eat,people food,32
371,people,eat,food,eat,people food,32
372,people,eat,food,eat,people food,32
373,people,eat,food,eat,people food,32
374,people,eat,food,eat,people food,32
375,people,eating,food,eat,people food,32
376,people,eat,food,eat,people food,32
377,majority,eat,meat,eat,majority meat,30
378,majority,eat,meat,eat,majority meat,30
379,majority,eat,meat,eat,majority meat,30
380,majority,eat,meat,eat,majority meat,30
381,majority,eat,meat,eat,majority meat,30
382,majority,eat,meat,eat,majority meat,30
383,majority,eat,meat,eat,majority meat,30
384,majority,eat,meat,eat,majority meat,30
385,majority,eat,meat,eat,majority meat,30
386,majority,eat,meat,eat,majority meat,30
387,majority,eat,meat,eat,majority meat,30
388,majority,eat,meat,eat,majority meat,30
389,majority,eat,meat,eat,majority meat,30
390,majority,eat,meat,eat,majority meat,30
391,majority,eat,meat,eat,majority meat,30
392,majority,eat,meat,eat,majority meat,30
393,majority,eat,meat,eat,majority meat,30
394,majority,eat,meat,eat,majority meat,30
395,majority,eat,meat,eat,majority meat,30
396,majority,eat,meat,eat,majority meat,30
397,majority,eat,meat,eat,majority meat,30
398,majority,eat,meat,eat,majority meat,30
399,majority,eat,meat,eat,majority meat,30
400,majority,eat,meat,eat,majority meat,30
401,majority,eat,meat,eat,majority meat,30
402,majority,eat,meat,eat,majority meat,30
403,majority,eat,meat,eat,majority meat,30
404,majority,eat,meat,eat,majority meat,30
405,majority,eat,meat,eat,majority meat,30
406,majority,eat,meat,eat,majority meat,30
407,people,eat,foods,eat,people foods,15
408,people,eat,foods,eat,people foods,15
409,people,eat,foods,eat,people foods,15
410,people,eat,foods,eat,people foods,15
411,people,eat,foods,eat,people foods,15
412,people,eat,foods,eat,people foods,15
413,people,eat,foods,eat,people foods,15
414,people,eat,foods,eat,people foods,15
415,people,eat,foods,eat,people foods,15
416,people,eating,foods,eat,people foods,15
417,people,eat,foods,eat,people foods,15
418,people,ate,foods,eat,people foods,15
419,people,eat,foods,eat,people foods,15
420,people,eat,foods,eat,people foods,15
421,people,ate,foods,eat,people foods,15
422,people,eat,meat,eat,people meat,14
423,students,ate,lunch,eat,students lunch,14
424,people,ate,meat,eat,people meat,14
425,people,eat,meat,eat,people meat,14
426,students,eat,lunch,eat,students lunch,14
427,people,eat,meat,eat,people meat,14
428,students,eat,lunch,eat,students lunch,14
429,people,eat,meat,eat,people meat,14
430,people,eat,meat,eat,people meat,14
431,people,ate,meat,eat,people meat,14
432,people,eat,meat,eat,people meat,14
433,people,ate,meat,eat,people meat,14
434,students,eat,lunch,eat,students lunch,14
435,people,ate,meat,eat,people meat,14
436,students,eat,lunch,eat,students lunch,14
437,students,eat,lunch,eat,students lunch,14
438,students,eat,lunch,eat,students lunch,14
439,people,eat,meat,eat,people meat,14
440,students,eat,lunch,eat,students lunch,14
441,students,eat,lunch,eat,students lunch,14
442,students,eat,lunch,eat,students lunch,14
443,people,eat,meat,eat,people meat,14
444,students,eat,lunch,eat,students lunch,14
445,people,ate,meat,eat,people meat,14
446,students,ate,lunch,eat,students lunch,14
447,people,ate,meat,eat,people meat,14
448,students,eat,lunch,eat,students lunch,14
449,students,eat,lunch,eat,students lunch,14
450,caterpillars,eat,leaves,eat,caterpillars leaves,11
451,caterpillars,eat,leaves,eat,caterpillars leaves,11
452,caterpillars,ate,leaves,eat,caterpillars leaves,11
453,caterpillars,eat,leaves,eat,caterpillars leaves,11
454,caterpillars,eat,leaves,eat,caterpillars leaves,11
455,caterpillars,eat,leaves,eat,caterpillars leaves,11
456,caterpillars,eat,leaves,eat,caterpillars leaves,11
457,caterpillars,eat,leaves,eat,caterpillars leaves,11
458,caterpillars,eat,leaves,eat,caterpillars leaves,11
459,caterpillars,eat,leaves,eat,caterpillars leaves,11
460,caterpillars,eat,leaves,eat,caterpillars leaves,11
461,dog,eating,homework,eat,dog homework,10
462,father,ate,muffin,eat,father muffin,10
463,dog,ate,homework,eat,dog homework,10
464,father,ate,muffin,eat,father muffin,10
465,dog,ate,homework,eat,dog homework,10
466,dog,ate,homework,eat,dog homework,10
467,father,ate,muffin,eat,father muffin,10
468,dog,ate,homework,eat,dog homework,10
469,father,ate,muffin,eat,father muffin,10
470,father,ate,muffin,eat,father muffin,10
471,dog,ate,homework,eat,dog homework,10
472,dog,ate,homework,eat,dog homework,10
473,dog,ate,homework,eat,dog homework,10
474,father,ate,muffin,eat,father muffin,10
475,father,ate,muffin,eat,father muffin,10
476,father,ate,muffin,eat,father muffin,10
477,father,ate,muffin,eat,father muffin,10
478,dog,ate,homework,eat,dog homework,10
479,dog,ate,homework,eat,dog homework,10
480,father,ate,muffin,eat,father muffin,10
481,larvae,eat,leaves,eat,larvae leaves,9
482,birds,eat,cones,eat,birds cones,9
483,larvae,eat,leaves,eat,larvae leaves,9
484,larvae,eat,leaves,eat,larvae leaves,9
485,birds,eat,cones,eat,birds cones,9
486,larvae,eat,leaves,eat,larvae leaves,9
487,species,eat,fruit,eat,species fruit,9
488,larvae,eat,leaves,eat,larvae leaves,9
489,larvae,eat,leaves,eat,larvae leaves,9
490,birds,eat,cones,eat,birds cones,9
491,species,eat,fruit,eat,species fruit,9
492,larvae,eat,leaves,eat,larvae leaves,9
493,birds,eat,cones,eat,birds cones,9
494,larvae,eat,leaves,eat,larvae leaves,9
495,species,ate,fruit,eat,species fruit,9
496,species,eat,fruit,eat,species fruit,9
497,species,eat,fruit,eat,species fruit,9
498,birds,eat,cones,eat,birds cones,9
499,birds,eat,cones,eat,birds cones,9
500,birds,eat,cones,eat,birds cones,9
501,birds,eat,cones,eat,birds cones,9
502,birds,eat,cones,eat,birds cones,9
503,species,eat,fruit,eat,species fruit,9
504,species,eat,fruit,eat,species fruit,9
505,species,eat,fruit,eat,species fruit,9
506,species,eat,fruit,eat,species fruit,9
507,larvae,eat,leaves,eat,larvae leaves,9
508,birds,eat,seeds,eat,birds seeds,8
509,species,eat,insects,eat,species insects,8
510,people,ate,bread,eat,people bread,8
511,people,ate,bread,eat,people bread,8
512,birds,eat,seeds,eat,birds seeds,8
513,rebels,ate,horses,eat,rebels horses,8
514,female,eat,male,eat,female male,8
515,female,eat,male,eat,female male,8
516,species,eats,insects,eat,species insects,8
517,rebels,ate,horses,eat,rebels horses,8
518,birds,eat,seeds,eat,birds seeds,8
519,people,ate,bread,eat,people bread,8
520,female,eats,male,eat,female male,8
521,birds,ate,seeds,eat,birds seeds,8
522,species,eats,insects,eat,species insects,8
523,species,eats,insects,eat,species insects,8
524,female,eat,male,eat,female male,8
525,people,ate,bread,eat,people bread,8
526,species,eat,insects,eat,species insects,8
527,birds,eat,seeds,eat,birds seeds,8
528,female,ate,male,eat,female male,8
529,female,eats,male,eat,female male,8
530,species,eats,insects,eat,species insects,8
531,people,ate,bread,eat,people bread,8
532,female,eats,male,eat,female male,8
533,female,eats,male,eat,female male,8
534,people,eat,bread,eat,people bread,8
535,people,eat,bread,eat,people bread,8
536,rebels,ate,horses,eat,rebels horses,8
537,people,ate,bread,eat,people bread,8
538,rebels,ate,horses,eat,rebels horses,8
539,species,eats,insects,eat,species insects,8
540,birds,eat,seeds,eat,birds seeds,8
541,rebels,ate,horses,eat,rebels horses,8
542,rebels,ate,horses,eat,rebels horses,8
543,birds,eat,seeds,eat,birds seeds,8
544,birds,eat,seeds,eat,birds seeds,8
545,rebels,ate,horses,eat,rebels horses,8
546,rebels,ate,horses,eat,rebels horses,8
547,species,eat,insects,eat,species insects,8
548,people,eat,fruit,eat,people fruit,7
549,people,eating,fish,eat,people fish,7
550,people,eat,diet,eat,people diet,7
551,people,eat,fruit,eat,people fruit,7
552,people,eat,meals,eat,people meals,7
553,people,eat,diet,eat,people diet,7
554,people,eat,fruit,eat,people fruit,7
555,people,eat,diet,eat,people diet,7
556,people,eat,fruit,eat,people fruit,7
557,species,eats,invertebrates,eat,species invertebrates,7
558,people,eat,fish,eat,people fish,7
559,people,ate,meals,eat,people meals,7
560,people,eat,meals,eat,people meals,7
561,people,eat,fish,eat,people fish,7
562,people,eat,meals,eat,people meals,7
563,people,eat,fruit,eat,people fruit,7
564,species,eat,invertebrates,eat,species invertebrates,7
565,people,ate,meals,eat,people meals,7
566,people,eat,diet,eat,people diet,7
567,people,eat,fish,eat,people fish,7
568,people,eat,meals,eat,people meals,7
569,people,eat,meals,eat,people meals,7
570,species,eats,invertebrates,eat,species invertebrates,7
571,people,eat,fish,eat,people fish,7
572,people,eat,fruit,eat,people fruit,7
573,people,eat,fish,eat,people fish,7
574,people,eating,fish,eat,people fish,7
575,species,eat,invertebrates,eat,species invertebrates,7
576,species,eat,invertebrates,eat,species invertebrates,7
577,species,eat,invertebrates,eat,species invertebrates,7
578,people,eat,diet,eat,people diet,7
579,people,eat,fruit,eat,people fruit,7
580,people,ate,diet,eat,people diet,7
581,species,eat,invertebrates,eat,species invertebrates,7
582,people,eating,diet,eat,people diet,7
583,people,eat,meal,eat,people meal,6
584,family,eats,breakfast,eat,family breakfast,6
585,animals,eat,plants,eat,animals plants,6
586,family,ate,breakfast,eat,family breakfast,6
587,animals,ate,plants,eat,animals plants,6
588,fish,eat,fish,eat,fish fish,6
589,animals,eat,plants,eat,animals plants,6
590,females,eating,males,eat,females males,6
591,people,eating,meal,eat,people meal,6
592,dingo,ate,baby,eat,dingo baby,6
593,dingo,ate,baby,eat,dingo baby,6
594,females,eat,males,eat,females males,6
595,animals,eat,plants,eat,animals plants,6
596,animals,eat,plants,eat,animals plants,6
597,larva,eats,spider,eat,larva spider,6
598,larva,eats,spider,eat,larva spider,6
599,fish,eat,fish,eat,fish fish,6
600,females,eat,males,eat,females males,6
601,larva,eats,spider,eat,larva spider,6
602,family,eating,breakfast,eat,family breakfast,6
603,dingo,ate,baby,eat,dingo baby,6
604,fish,eat,fish,eat,fish fish,6
605,fish,eat,fish,eat,fish fish,6
606,fish,eat,fish,eat,fish fish,6
607,dingo,ate,baby,eat,dingo baby,6
608,people,eating,meal,eat,people meal,6
609,family,eat,breakfast,eat,family breakfast,6
610,females,eat,males,eat,females males,6
611,females,eat,males,eat,females males,6
612,people,eat,meal,eat,people meal,6
613,females,eat,males,eat,females males,6
614,people,eat,meal,eat,people meal,6
615,larva,eats,spider,eat,larva spider,6
616,fish,eats,fish,eat,fish fish,6
617,family,eating,breakfast,eat,family breakfast,6
618,family,ate,breakfast,eat,family breakfast,6
619,larva,eats,spider,eat,larva spider,6
620,people,eat,meal,eat,people meal,6
621,dingo,ate,baby,eat,dingo baby,6
622,animals,eat,plants,eat,animals plants,6
623,dingo,ate,baby,eat,dingo baby,6
624,larva,eat,spider,eat,larva spider,6
625,people,eat,rice,eat,people rice,5
626,people,eat,pork,eat,people pork,5
627,two,eat,dinner,eat,two dinner,5
628,family,ate,food,eat,family food,5
629,students,eat,meals,eat,students meals,5
630,poor,ate,bread,eat,poor bread,5
631,people,eat,pork,eat,people pork,5
632,people,eat,pork,eat,people pork,5
633,family,eating,food,eat,family food,5
634,two,ate,dinner,eat,two dinner,5
635,birds,eat,insects,eat,birds insects,5
636,birds,eat,insects,eat,birds insects,5
637,people,ate,flesh,eat,people flesh,5
638,children,eating,meals,eat,children meals,5
639,poor,ate,bread,eat,poor bread,5
640,people,eat,rice,eat,people rice,5
641,birds,ate,insects,eat,birds insects,5
642,birds,eat,insects,eat,birds insects,5
643,people,ate,flesh,eat,people flesh,5
644,family,eat,food,eat,family food,5
645,birds,eat,fruit,eat,birds fruit,5
646,male,ate,female,eat,male female,5
647,students,eat,meals,eat,students meals,5
648,children,ate,meals,eat,children meals,5
649,poor,ate,bread,eat,poor bread,5
650,birds,eat,fruit,eat,birds fruit,5
651,male,eat,female,eat,male female,5
652,male,eat,female,eat,male female,5
653,poor,eat,bread,eat,poor bread,5
654,male,eat,female,eat,male female,5
655,children,ate,meals,eat,children meals,5
656,two,eat,dinner,eat,two dinner,5
657,birds,eat,fruits,eat,birds fruits,5
658,two,ate,dinner,eat,two dinner,5
659,people,eat,rice,eat,people rice,5
660,people,eat,pork,eat,people pork,5
661,birds,eat,fruits,eat,birds fruits,5
662,birds,eat,fruits,eat,birds fruits,5
663,family,ate,food,eat,family food,5
664,birds,eat,insects,eat,birds insects,5
665,poor,ate,bread,eat,poor bread,5
666,children,ate,meals,eat,children meals,5
667,people,eat,flesh,eat,people flesh,5
668,people,eat,pork,eat,people pork,5
669,people,eat,rice,eat,people rice,5
670,students,eat,meals,eat,students meals,5
671,birds,eat,fruit,eat,birds fruit,5
672,birds,eat,fruit,eat,birds fruit,5
673,students,eat,meals,eat,students meals,5
674,birds,eat,fruits,eat,birds fruits,5
675,two,eat,dinner,eat,two dinner,5
676,birds,ate,fruits,eat,birds fruits,5
677,people,eat,flesh,eat,people flesh,5
678,male,ate,female,eat,male female,5
679,students,eat,meals,eat,students meals,5
680,family,ate,food,eat,family food,5
681,birds,eat,fruit,eat,birds fruit,5
682,people,eat,rice,eat,people rice,5
683,children,ate,meals,eat,children meals,5
684,people,eat,flesh,eat,people flesh,5
685,fish,eat,algae,eat,fish algae,4
686,larvae,eat,variety,eat,larvae variety,4
687,cat,ate,mouse,eat,cat mouse,4
688,spiders,eat,insects,eat,spiders insects,4
689,dogs,eat,crumbs,eat,dogs crumbs,4
690,animals,eat,fruits,eat,animals fruits,4
691,animals,eat,fruits,eat,animals fruits,4
692,gymnasts,ate,buckwheat,eat,gymnasts buckwheat,4
693,gymnasts,ate,buckwheat,eat,gymnasts buckwheat,4
694,people,ate,nothing,eat,people nothing,4
695,people,eat,lunch,eat,people lunch,4
696,gymnasts,ate,buckwheat,eat,gymnasts buckwheat,4
697,gymnasts,ate,buckwheat,eat,gymnasts buckwheat,4
698,fish,eat,algae,eat,fish algae,4
699,people,eat,lunch,eat,people lunch,4
700,person,eat,food,eat,person food,4
701,dogs,eat,crumbs,eat,dogs crumbs,4
702,fox,eats,flowers,eat,fox flowers,4
703,whoever,eats,bread,eat,whoever bread,4
704,spiders,eat,insects,eat,spiders insects,4
705,animals,eat,fruits,eat,animals fruits,4
706,dogs,eat,crumbs,eat,dogs crumbs,4
707,cat,eats,mouse,eat,cat mouse,4
708,species,eat,species,eat,species species,4
709,spiders,eat,insects,eat,spiders insects,4
710,fish,eat,algae,eat,fish algae,4
711,men,ate,lunch,eat,men lunch,4
712,larvae,eat,variety,eat,larvae variety,4
713,larvae,eat,variety,eat,larvae variety,4
714,students,eat,dinner,eat,students dinner,4
715,students,eat,dinner,eat,students dinner,4
716,fox,eats,flowers,eat,fox flowers,4
717,participants,eat,bread,eat,participants bread,4
718,participants,eat,bread,eat,participants bread,4
719,person,eats,food,eat,person food,4
720,tiger,ate,man,eat,tiger man,4
721,people,ate,lunch,eat,people lunch,4
722,cat,ate,mouse,eat,cat mouse,4
723,people,eat,lunch,eat,people lunch,4
724,fish,eat,algae,eat,fish algae,4
725,species,eat,species,eat,species species,4
726,person,eats,food,eat,person food,4
727,fox,eats,flowers,eat,fox flowers,4
728,larvae,eat,variety,eat,larvae variety,4
729,people,eat,nothing,eat,people nothing,4
730,students,eat,dinner,eat,students dinner,4
731,whoever,eats,bread,eat,whoever bread,4
732,people,ate,nothing,eat,people nothing,4
733,tiger,ate,man,eat,tiger man,4
734,tiger,ate,man,eat,tiger man,4
735,tiger,ate,man,eat,tiger man,4
736,participants,eat,bread,eat,participants bread,4
737,men,ate,lunch,eat,men lunch,4
738,people,eat,cuisine,eat,people cuisine,4
739,person,eats,food,eat,person food,4
740,species,eats,species,eat,species species,4
741,people,eat,cuisine,eat,people cuisine,4
742,participants,eat,bread,eat,participants bread,4
743,men,eat,lunch,eat,men lunch,4
744,people,ate,nothing,eat,people nothing,4
745,spiders,eat,insects,eat,spiders insects,4
746,people,eating,cuisine,eat,people cuisine,4
747,cat,eats,mouse,eat,cat mouse,4
748,animals,eat,fruits,eat,animals fruits,4
749,whoever,eats,bread,eat,whoever bread,4
750,whoever,eats,bread,eat,whoever bread,4
751,dogs,eat,crumbs,eat,dogs crumbs,4
752,men,ate,lunch,eat,men lunch,4
753,students,eat,dinner,eat,students dinner,4
754,fox,eats,flowers,eat,fox flowers,4
755,people,eating,cuisine,eat,people cuisine,4
756,species,ate,species,eat,species species,4
757,people,eat,dish,eat,people dish,3
758,species,eat,seeds,eat,species seeds,3
759,child,eats,way,eat,child way,3
760,students,eat,food,eat,students food,3
761,birds,eat,berries,eat,birds berries,3
762,seals,eat,fish,eat,seals fish,3
763,servant,eat,bread,eat,servant bread,3
764,species,eat,leaves,eat,species leaves,3
765,staff,eats,rest,eat,staff rest,3
766,staff,ate,rest,eat,staff rest,3
767,man,ate,apple,eat,man apple,3
768,sister,ate,tomatoes,eat,sister tomatoes,3
769,sister,ate,tomatoes,eat,sister tomatoes,3
770,larvae,eat,fruit,eat,larvae fruit,3
771,percent,eat,insects,eat,percent insects,3
772,most,ate,lunch,eat,most lunch,3
773,rats,eat,eggs,eat,rats eggs,3
774,people,ate,vegetables,eat,people vegetables,3
775,man,eats,apple,eat,man apple,3
776,portrayals,eat,anxieties,eat,portrayals anxieties,3
777,embryos,eat,eggs,eat,embryos eggs,3
778,embryos,eat,siblings,eat,embryos siblings,3
779,men,ate,cattle,eat,men cattle,3
780,girl,eats,apple,eat,girl apple,3
781,classes,ate,bread,eat,classes bread,3
782,families,eat,foods,eat,families foods,3
783,women,ate,chalk,eat,women chalk,3
784,larva,eats,leaf,eat,larva leaf,3
785,women,ate,chalk,eat,women chalk,3
786,family,ate,meals,eat,family meals,3
787,animals,eat,seeds,eat,animals seeds,3
788,mice,eat,iron,eat,mice iron,3
789,larvae,eat,fruit,eat,larvae fruit,3
790,larvae,eat,species,eat,larvae species,3
791,species,eat,seeds,eat,species seeds,3
792,two,eating,food,eat,two food,3
793,larva,eats,leaf,eat,larva leaf,3
794,larva,eats,leaf,eat,larva leaf,3
795,nuns,ate,meat,eat,nuns meat,3
796,people,ate,children,eat,people children,3
797,nuns,ate,meat,eat,nuns meat,3
798,dog,eats,baguette,eat,dog baguette,3
799,species,eat,leaves,eat,species leaves,3
800,dog,eats,baguette,eat,dog baguette,3
801,species,eats,leaves,eat,species leaves,3
802,plants,eat,animals,eat,plants animals,3
803,plants,eat,animals,eat,plants animals,3
804,plants,eat,animals,eat,plants animals,3
805,portrayals,eat,anxieties,eat,portrayals anxieties,3
806,larvae,eat,species,eat,larvae species,3
807,nuns,ate,meat,eat,nuns meat,3
808,horse,eats,grass,eat,horse grass,3
809,nudibranch,eats,hydroid,eat,nudibranch hydroid,3
810,farmers,eat,meat,eat,farmers meat,3
811,species,eats,sponges,eat,species sponges,3
812,one,eats,foods,eat,one foods,3
813,larvae,eat,tunnels,eat,larvae tunnels,3
814,sister,ate,tomatoes,eat,sister tomatoes,3
815,koala,eats,leaves,eat,koala leaves,3
816,two,eat,food,eat,two food,3
817,women,ate,chalk,eat,women chalk,3
818,percent,eat,insects,eat,percent insects,3
819,people,eat,children,eat,people children,3
820,embryos,eat,siblings,eat,embryos siblings,3
821,mole,eat,food,eat,mole food,3
822,classes,ate,bread,eat,classes bread,3
823,fishermen,ate,fish,eat,fishermen fish,3
824,fishermen,ate,fish,eat,fishermen fish,3
825,rats,eat,eggs,eat,rats eggs,3
826,juveniles,eat,insects,eat,juveniles insects,3
827,people,eat,seafood,eat,people seafood,3
828,people,eat,seafood,eat,people seafood,3
829,larvae,eat,species,eat,larvae species,3
830,species,eat,seeds,eat,species seeds,3
831,group,eating,lunch,eat,group lunch,3
832,survivors,ate,bodies,eat,survivors bodies,3
833,people,eat,seeds,eat,people seeds,3
834,farmers,ate,meat,eat,farmers meat,3
835,students,eat,food,eat,students food,3
836,child,eats,way,eat,child way,3
837,animal,eats,food,eat,animal food,3
838,larvae,eat,way,eat,larvae way,3
839,group,ate,lunch,eat,group lunch,3
840,dog,eaten,present,eat,dog present,3
841,families,eat,foods,eat,families foods,3
842,snail,eats,growth,eat,snail growth,3
843,dog,eaten,present,eat,dog present,3
844,dog,eaten,present,eat,dog present,3
845,group,ate,mixture,eat,group mixture,3
846,dog,eat,dog,eat,dog dog,3
847,birds,eat,berries,eat,birds berries,3
848,group,ate,mixture,eat,group mixture,3
849,group,ate,corn,eat,group corn,3
850,group,ate,corn,eat,group corn,3
851,koala,eats,leaves,eat,koala leaves,3
852,larvae,eat,way,eat,larvae way,3
853,animal,eats,food,eat,animal food,3
854,birds,eat,berries,eat,birds berries,3
855,larvae,eat,way,eat,larvae way,3
856,mice,eat,iron,eat,mice iron,3
857,species,eats,sponges,eat,species sponges,3
858,people,eat,dish,eat,people dish,3
859,woman,ate,fruit,eat,woman fruit,3
860,people,eat,seafood,eat,people seafood,3
861,larvae,eat,tunnels,eat,larvae tunnels,3
862,portrayals,eat,anxieties,eat,portrayals anxieties,3
863,one,eats,foods,eat,one foods,3
864,girl,eats,apple,eat,girl apple,3
865,girl,eats,apple,eat,girl apple,3
866,thirds,eating,customers,eat,thirds customers,3
867,people,eat,dumplings,eat,people dumplings,3
868,men,eat,cattle,eat,men cattle,3
869,animals,eat,seeds,eat,animals seeds,3
870,people,eat,vegetables,eat,people vegetables,3
871,restaurants,eaten,services,eat,restaurants services,3
872,people,eating,amounts,eat,people amounts,3
873,seals,ate,fish,eat,seals fish,3
874,nudibranch,eats,hydroid,eat,nudibranch hydroid,3
875,monks,eat,meat,eat,monks meat,3
876,animals,eat,seeds,eat,animals seeds,3
877,rats,ate,eggs,eat,rats eggs,3
878,dogs,eat,food,eat,dogs food,3
879,consumers,eat,fish,eat,consumers fish,3
880,animals,ate,wood,eat,animals wood,3
881,larvae,eat,seeds,eat,larvae seeds,3
882,horse,eats,grass,eat,horse grass,3
883,survivors,ate,bodies,eat,survivors bodies,3
884,family,ate,meals,eat,family meals,3
885,percent,eat,insects,eat,percent insects,3
886,parrot,eats,seeds,eat,parrot seeds,3
887,koala,eats,leaves,eat,koala leaves,3
888,parrot,eats,seeds,eat,parrot seeds,3
889,people,ate,amounts,eat,people amounts,3
890,children,eat,food,eat,children food,3
891,thirds,eating,customers,eat,thirds customers,3
892,seals,eat,fish,eat,seals fish,3
893,larvae,eat,holes,eat,larvae holes,3
894,restaurants,eaten,services,eat,restaurants services,3
895,classes,ate,bread,eat,classes bread,3
896,embryos,eat,eggs,eat,embryos eggs,3
897,embryos,eat,siblings,eat,embryos siblings,3
898,family,ate,meals,eat,family meals,3
899,people,eat,vegetables,eat,people vegetables,3
900,embryos,eat,eggs,eat,embryos eggs,3
901,most,ate,lunch,eat,most lunch,3
902,one,eat,foods,eat,one foods,3
903,people,eat,children,eat,people children,3
904,woman,eats,fruit,eat,woman fruit,3
905,larvae,eat,tunnels,eat,larvae tunnels,3
906,mole,eat,food,eat,mole food,3
907,larvae,eat,holes,eat,larvae holes,3
908,horse,eats,grass,eat,horse grass,3
909,students,eating,food,eat,students food,3
910,animal,eats,food,eat,animal food,3
911,consumers,eat,fish,eat,consumers fish,3
912,mice,eat,iron,eat,mice iron,3
913,farmers,ate,meat,eat,farmers meat,3
914,fishermen,ate,fish,eat,fishermen fish,3
915,two,ate,food,eat,two food,3
916,winner,eats,eggs,eat,winner eggs,3
917,species,eat,sponges,eat,species sponges,3
918,larvae,eat,fruit,eat,larvae fruit,3
919,servant,eat,bread,eat,servant bread,3
920,people,eat,dish,eat,people dish,3
921,larvae,eat,seeds,eat,larvae seeds,3
922,dog,eat,dog,eat,dog dog,3
923,larvae,eat,holes,eat,larvae holes,3
924,woman,eats,fruit,eat,woman fruit,3
925,people,eat,dumplings,eat,people dumplings,3
926,people,eat,amounts,eat,people amounts,3
927,people,ate,seeds,eat,people seeds,3
928,children,eat,food,eat,children food,3
929,animals,ate,wood,eat,animals wood,3
930,parrot,eat,seeds,eat,parrot seeds,3
931,nudibranch,eats,hydroid,eat,nudibranch hydroid,3
932,most,ate,lunch,eat,most lunch,3
933,people,eat,fruits,eat,people fruits,3
934,juveniles,eat,insects,eat,juveniles insects,3
935,people,ate,fruits,eat,people fruits,3
936,group,ate,lunch,eat,group lunch,3
937,winner,eats,eggs,eat,winner eggs,3
938,group,ate,mixture,eat,group mixture,3
939,people,eat,dumplings,eat,people dumplings,3
940,snail,eats,growth,eat,snail growth,3
941,children,eat,food,eat,children food,3
942,dog,eat,dog,eat,dog dog,3
943,animals,ate,wood,eat,animals wood,3
944,group,ate,corn,eat,group corn,3
945,mole,eat,food,eat,mole food,3
946,snail,eats,growth,eat,snail growth,3
947,child,eating,way,eat,child way,3
948,man,eats,apple,eat,man apple,3
949,monks,eat,meat,eat,monks meat,3
950,men,ate,cattle,eat,men cattle,3
951,staff,eats,rest,eat,staff rest,3
952,restaurants,eaten,services,eat,restaurants services,3
953,families,ate,foods,eat,families foods,3
954,winner,eats,eggs,eat,winner eggs,3
955,juveniles,eat,insects,eat,juveniles insects,3
956,dog,eats,baguette,eat,dog baguette,3
957,survivors,ate,bodies,eat,survivors bodies,3
958,people,ate,seeds,eat,people seeds,3
959,monks,eat,meat,eat,monks meat,3
960,servant,eat,bread,eat,servant bread,3
961,larvae,eat,seeds,eat,larvae seeds,3
962,people,ate,fruits,eat,people fruits,3
963,thirds,eating,customers,eat,thirds customers,3
964,dogs,eat,food,eat,dogs food,3
965,consumers,eat,fish,eat,consumers fish,3
966,dogs,eat,food,eat,dogs food,3
967,one,eats,flesh,eat,one flesh,2
968,crew,eat,meals,eat,crew meals,2
969,seafood,eaten,hand,eat,seafood hand,2
970,brothers,ate,body,eat,brothers body,2
971,one,eat,food,eat,one food,2
972,number,ate,plants,eat,number plants,2
973,family,eat,supper,eat,family supper,2
974,inhabitants,ate,meat,eat,inhabitants meat,2
975,larger,eats,smaller,eat,larger smaller,2
976,bird,eats,seeds,eat,bird seeds,2
977,slugs,eat,fungi,eat,slugs fungi,2
978,people,eat,turkeys,eat,people turkeys,2
979,people,eat,tacachos,eat,people tacachos,2
980,person,eat,meals,eat,person meals,2
981,predator,eats,animal,eat,predator animal,2
982,predator,eats,animal,eat,predator animal,2
983,old,eat,kilos,eat,old kilos,2
984,man,ate,meal,eat,man meal,2
985,prisoners,ate,meals,eat,prisoners meals,2
986,brothers,eat,dinner,eat,brothers dinner,2
987,two,eat,pizza,eat,two pizza,2
988,lambs,eat,ivy,eat,lambs ivy,2
989,girl,eat,porridge,eat,girl porridge,2
990,men,eat,meals,eat,men meals,2
991,larger,eating,smaller,eat,larger smaller,2
992,cattle,eat,grass,eat,cattle grass,2
993,lambs,eat,ivy,eat,lambs ivy,2
994,larvae,eat,flesh,eat,larvae flesh,2
995,boy,eats,food,eat,boy food,2
996,husband,ate,breakfast,eat,husband breakfast,2
997,ants,eat,elaiosome,eat,ants elaiosome,2
998,duck,eats,soup,eat,duck soup,2
999,duck,ate,soup,eat,duck soup,2
1000,campers,eat,meals,eat,campers meals,2
1001,person,eats,meals,eat,person meals,2
1002,females,eat,male,eat,females male,2
1003,monks,eat,bread,eat,monks bread,2
1004,ants,eat,elaiosomes,eat,ants elaiosomes,2
1005,father,eats,food,eat,father food,2
1006,eagle,ate,liver,eat,eagle liver,2
1007,family,ate,meal,eat,family meal,2
1008,specimens,eat,animals,eat,specimens animals,2
1009,whoever,eats,fruit,eat,whoever fruit,2
1010,family,eats,dinner,eat,family dinner,2
1011,everyone,eats,food,eat,everyone food,2
1012,wealthy,ate,meat,eat,wealthy meat,2
1013,workers,ate,meal,eat,workers meal,2
1014,prisoners,ate,food,eat,prisoners food,2
1015,man,ate,food,eat,man food,2
1016,people,eat,litres,eat,people litres,2
1017,hunter,eats,grandmother,eat,hunter grandmother,2
1018,condors,eat,carcasses,eat,condors carcasses,2
1019,men,eat,breakfast,eat,men breakfast,2
1020,wolves,ate,corpses,eat,wolves corpses,2
1021,distribution,eating,bread,eat,distribution bread,2
1022,distribution,eats,bread,eat,distribution bread,2
1023,men,ate,meat,eat,men meat,2
1024,participants,ate,dinner,eat,participants dinner,2
1025,majority,eat,food,eat,majority food,2
1026,player,eats,marble,eat,player marble,2
1027,team,eats,calories,eat,team calories,2
1028,whoever,eating,calories,eat,whoever calories,2
1029,player,eats,marble,eat,player marble,2
1030,heron,eat,fish,eat,heron fish,2
1031,man,eat,flesh,eat,man flesh,2
1032,remains,eaten,dogs,eat,remains dogs,2
1033,individuals,ate,food,eat,individuals food,2
1034,cat,ate,fish,eat,cat fish,2
1035,wealthy,ate,meat,eat,wealthy meat,2
1036,animal,eats,something,eat,animal something,2
1037,bowler,eaten,pies,eat,bowler pies,2
1038,people,eat,dishes,eat,people dishes,2
1039,people,ate,quantities,eat,people quantities,2
1040,vulture,eats,carrion,eat,vulture carrion,2
1041,individuals,eat,food,eat,individuals food,2
1042,cow,eat,food,eat,cow food,2
1043,people,eat,sushi,eat,people sushi,2
1044,number,ate,plants,eat,number plants,2
1045,families,eat,meals,eat,families meals,2
1046,brothers,ate,body,eat,brothers body,2
1047,vulture,eats,carrion,eat,vulture carrion,2
1048,animal,eats,something,eat,animal something,2
1049,colonists,ate,meats,eat,colonists meats,2
1050,father,eats,food,eat,father food,2
1051,cattle,ate,grass,eat,cattle grass,2
1052,men,ate,grains,eat,men grains,2
1053,larvae,eat,part,eat,larvae part,2
1054,butcherbirds,eat,meat,eat,butcherbirds meat,2
1055,worker,eats,egg,eat,worker egg,2
1056,worker,eats,egg,eat,worker egg,2
1057,larvae,eat,parenchyma,eat,larvae parenchyma,2
1058,populations,eat,invertebrates,eat,populations invertebrates,2
1059,mouse,ate,cat,eat,mouse cat,2
1060,group,ate,wheat,eat,group wheat,2
1061,group,ate,bran,eat,group bran,2
1062,animals,eat,people,eat,animals people,2
1063,people,eat,people,eat,people people,2
1064,number,eat,coral,eat,number coral,2
1065,larvae,eat,parenchyma,eat,larvae parenchyma,2
1066,host,eats,arthropod,eat,host arthropod,2
1067,people,eat,kind,eat,people kind,2
1068,victor,eat,eggs,eat,victor eggs,2
1069,panda,eats,bamboo,eat,panda bamboo,2
1070,cow,eat,food,eat,cow food,2
1071,victor,eat,eggs,eat,victor eggs,2
1072,male,eats,eggs,eat,male eggs,2
1073,heron,eat,fish,eat,heron fish,2
1074,condors,eat,carcasses,eat,condors carcasses,2
1075,juveniles,eat,algae,eat,juveniles algae,2
1076,tribes,ate,berries,eat,tribes berries,2
1077,people,eat,kind,eat,people kind,2
1078,participants,eat,dinner,eat,participants dinner,2
1079,fish,eat,alga,eat,fish alga,2
1080,children,eat,lunch,eat,children lunch,2
1081,lions,ate,humans,eat,lions humans,2
1082,dogs,eat,meat,eat,dogs meat,2
1083,boys,eat,onions,eat,boys onions,2
1084,squirrels,eat,seeds,eat,squirrels seeds,2
1085,dogs,eat,meat,eat,dogs meat,2
1086,bat,eats,insects,eat,bat insects,2
1087,butcherbirds,eat,meat,eat,butcherbirds meat,2
1088,snow,ate,bird,eat,snow bird,2
1089,birds,eat,haws,eat,birds haws,2
1090,children,eat,meal,eat,children meal,2
1091,regulars,ate,lunch,eat,regulars lunch,2
1092,larvae,eat,buds,eat,larvae buds,2
1093,larvae,eat,buds,eat,larvae buds,2
1094,species,eat,foods,eat,species foods,2
1095,buffalo,ate,beings,eat,buffalo beings,2
1096,rest,ate,deal,eat,rest deal,2
1097,botanists,eat,seeds,eat,botanists seeds,2
1098,people,eat,tacachos,eat,people tacachos,2
1099,workers,eat,eggs,eat,workers eggs,2
1100,women,eat,food,eat,women food,2
1101,player,eat,rest,eat,player rest,2
1102,larvae,eat,roots,eat,larvae roots,2
1103,resident,eats,one,eat,resident one,2
1104,seafood,eaten,hand,eat,seafood hand,2
1105,frog,eats,skin,eat,frog skin,2
1106,host,eats,arthropod,eat,host arthropod,2
1107,man,eat,flesh,eat,man flesh,2
1108,mouse,eats,cheese,eat,mouse cheese,2
1109,crews,ate,hours,eat,crews hours,2
1110,priests,eat,meat,eat,priests meat,2
1111,people,eat,quantities,eat,people quantities,2
1112,grouse,eat,buds,eat,grouse buds,2
1113,soldiers,ate,flesh,eat,soldiers flesh,2
1114,animals,eat,waste,eat,animals waste,2
1115,members,eat,dinner,eat,members dinner,2
1116,mouse,eats,cat,eat,mouse cat,2
1117,adults,eat,nectar,eat,adults nectar,2
1118,species,eats,earthworms,eat,species earthworms,2
1119,resident,eats,one,eat,resident one,2
1120,men,ate,grains,eat,men grains,2
1121,species,eat,variety,eat,species variety,2
1122,testicle,eaten,head,eat,testicle head,2
1123,passengers,eat,lunch,eat,passengers lunch,2
1124,crossing,ate,dates,eat,crossing dates,2
1125,patient,ate,meal,eat,patient meal,2
1126,monk,eats,amount,eat,monk amount,2
1127,mothers,ate,children,eat,mothers children,2
1128,food,eaten,hand,eat,food hand,2
1129,people,eat,insects,eat,people insects,2
1130,tissues,eaten,larva,eat,tissues larva,2
1131,tissues,eaten,larva,eat,tissues larva,2
1132,soldiers,ate,flesh,eat,soldiers flesh,2
1133,plesiosauroids,ate,prey,eat,plesiosauroids prey,2
1134,father,ate,dinner,eat,father dinner,2
1135,whoever,eats,food,eat,whoever food,2
1136,snake,eat,tail,eat,snake tail,2
1137,fish,eat,larvae,eat,fish larvae,2
1138,people,eat,beef,eat,people beef,2
1139,genera,ate,fish,eat,genera fish,2
1140,crew,ate,meal,eat,crew meal,2
1141,species,eat,amount,eat,species amount,2
1142,hedgehogs,eat,eggs,eat,hedgehogs eggs,2
1143,wolves,ate,corpses,eat,wolves corpses,2
1144,whoever,eats,calories,eat,whoever calories,2
1145,hunter,eats,grandmother,eat,hunter grandmother,2
1146,fish,eat,plankton,eat,fish plankton,2
1147,hedgehogs,eat,eggs,eat,hedgehogs eggs,2
1148,family,ate,supper,eat,family supper,2
1149,animals,eat,plastic,eat,animals plastic,2
1150,people,ate,chicken,eat,people chicken,2
1151,people,ate,bodies,eat,people bodies,2
1152,crew,eat,meals,eat,crew meals,2
1153,everyone,eats,food,eat,everyone food,2
1154,colonists,ate,meats,eat,colonists meats,2
1155,male,eats,eggs,eat,male eggs,2
1156,snake,eats,prey,eat,snake prey,2
1157,people,eat,much,eat,people much,2
1158,people,eat,dishes,eat,people dishes,2
1159,bowler,eaten,pies,eat,bowler pies,2
1160,ants,eat,honeydew,eat,ants honeydew,2
1161,females,eat,male,eat,females male,2
1162,monks,ate,food,eat,monks food,2
1163,player,eat,rest,eat,player rest,2
1164,wolf,eats,part,eat,wolf part,2
1165,dragon,ate,all,eat,dragon all,2
1166,specimens,eat,animals,eat,specimens animals,2
1167,humans,eat,shellfish,eat,humans shellfish,2
1168,wolf,eats,part,eat,wolf part,2
1169,fish,eat,plankton,eat,fish plankton,2
1170,campers,eat,meals,eat,campers meals,2
1171,buffalo,ate,beings,eat,buffalo beings,2
1172,larvae,eat,wood,eat,larvae wood,2
1173,botanists,eat,seeds,eat,botanists seeds,2
1174,number,eat,coral,eat,number coral,2
1175,predators,eat,prey,eat,predators prey,2
1176,death,eat,corpses,eat,death corpses,2
1177,family,eats,dinner,eat,family dinner,2
1178,group,eats,supper,eat,group supper,2
1179,girlfriend,eating,corpse,eat,girlfriend corpse,2
1180,women,eat,meat,eat,women meat,2
1181,ducks,eat,weeds,eat,ducks weeds,2
1182,child,eat,treats,eat,child treats,2
1183,parrots,ate,seeds,eat,parrots seeds,2
1184,larvae,eat,wood,eat,larvae wood,2
1185,family,eats,meal,eat,family meal,2
1186,monks,eat,bread,eat,monks bread,2
1187,show,eat,food,eat,show food,2
1188,individuals,eat,quantity,eat,individuals quantity,2
1189,modifier,ate,muffin,eat,modifier muffin,2
1190,rats,eat,variety,eat,rats variety,2
1191,rats,eat,variety,eat,rats variety,2
1192,adults,eat,edges,eat,adults edges,2
1193,garden,eaten,soldiers,eat,garden soldiers,2
1194,plesiosauroids,ate,prey,eat,plesiosauroids prey,2
1195,panda,ate,bamboo,eat,panda bamboo,2
1196,populations,eat,invertebrates,eat,populations invertebrates,2
1197,man,eats,meal,eat,man meal,2
1198,individual,eats,meal,eat,individual meal,2
1199,people,eat,catch,eat,people catch,2
1200,people,eat,catch,eat,people catch,2
1201,team,eats,calories,eat,team calories,2
1202,alligators,eating,fruit,eat,alligators fruit,2
1203,eggs,eaten,female,eat,eggs female,2
1204,queen,ate,morsel,eat,queen morsel,2
1205,prisoners,ate,food,eat,prisoners food,2
1206,monk,eats,amount,eat,monk amount,2
1207,birds,ate,moths,eat,birds moths,2
1208,girl,ate,porridge,eat,girl porridge,2
1209,old,eat,meal,eat,old meal,2
1210,mother,eats,placenta,eat,mother placenta,2
1211,maggots,eat,tissue,eat,maggots tissue,2
1212,old,eat,kilos,eat,old kilos,2
1213,crossing,ate,dates,eat,crossing dates,2
1214,death,eat,corpses,eat,death corpses,2
1215,revolution,ate,grandchildren,eat,revolution grandchildren,2
1216,revolution,ate,grandchildren,eat,revolution grandchildren,2
1217,animals,eat,waste,eat,animals waste,2
1218,brothers,ate,dinner,eat,brothers dinner,2
1219,modifier,ate,muffin,eat,modifier muffin,2
1220,people,eat,bowl,eat,people bowl,2
1221,species,eats,fish,eat,species fish,2
1222,species,eats,fish,eat,species fish,2
1223,predators,eat,prey,eat,predators prey,2
1224,boy,eat,food,eat,boy food,2
1225,bats,eat,moths,eat,bats moths,2
1226,fire,ate,way,eat,fire way,2
1227,tribes,ate,roots,eat,tribes roots,2
1228,humans,eat,shellfish,eat,humans shellfish,2
1229,larvae,eat,flesh,eat,larvae flesh,2
1230,one,eats,meat,eat,one meat,2
1231,eagle,eats,liver,eat,eagle liver,2
1232,dog,ate,food,eat,dog food,2
1233,one,eats,orange,eat,one orange,2
1234,bird,ate,dates,eat,bird dates,2
1235,bird,ate,dates,eat,bird dates,2
1236,dog,eats,food,eat,dog food,2
1237,workers,eat,eggs,eat,workers eggs,2
1238,people,eat,cakes,eat,people cakes,2
1239,larvae,eat,part,eat,larvae part,2
1240,men,eat,breakfast,eat,men breakfast,2
1241,group,ate,wheat,eat,group wheat,2
1242,group,ate,bran,eat,group bran,2
1243,group,ate,nutrients,eat,group nutrients,2
1244,mothers,ate,children,eat,mothers children,2
1245,sharks,eat,nothing,eat,sharks nothing,2
1246,father,ate,dinner,eat,father dinner,2
1247,people,eat,beef,eat,people beef,2
1248,members,eat,dinner,eat,members dinner,2
1249,snake,eats,tail,eat,snake tail,2
1250,larva,eats,shell,eat,larva shell,2
1251,people,eating,dogs,eat,people dogs,2
1252,people,eat,lot,eat,people lot,2
1253,predators,eat,fill,eat,predators fill,2
1254,group,ate,nutrients,eat,group nutrients,2
1255,people,eat,leaves,eat,people leaves,2
1256,ants,eat,honeydew,eat,ants honeydew,2
1257,soldiers,ate,body,eat,soldiers body,2
1258,rootstocks,eaten,people,eat,rootstocks people,2
1259,child,eat,treats,eat,child treats,2
1260,animals,eat,plastic,eat,animals plastic,2
1261,people,ate,cakes,eat,people cakes,2
1262,cuckoo,eats,insects,eat,cuckoo insects,2
1263,squirrels,eat,seeds,eat,squirrels seeds,2
1264,partakers,eat,meal,eat,partakers meal,2
1265,grain,eaten,less,eat,grain less,2
1266,grain,eaten,less,eat,grain less,2
1267,mouse,ate,cheese,eat,mouse cheese,2
1268,people,eat,portions,eat,people portions,2
1269,majority,eat,food,eat,majority food,2
1270,species,eat,eggs,eat,species eggs,2
1271,couple,ate,dinner,eat,couple dinner,2
1272,people,eat,dogs,eat,people dogs,2
1273,cuckoo,eat,insects,eat,cuckoo insects,2
1274,fairywren,eats,insects,eat,fairywren insects,2
1275,bats,eat,moths,eat,bats moths,2
1276,patient,eat,meal,eat,patient meal,2
1277,gecko,eats,variety,eat,gecko variety,2
1278,genera,ate,fish,eat,genera fish,2
1279,species,eat,variety,eat,species variety,2
1280,birds,eat,haws,eat,birds haws,2
1281,dogs,eat,grass,eat,dogs grass,2
1282,show,eat,food,eat,show food,2
1283,monks,eat,food,eat,monks food,2
1284,individuals,eat,quantity,eat,individuals quantity,2
1285,fish,eat,alga,eat,fish alga,2
1286,species,eat,food,eat,species food,2
1287,species,eats,food,eat,species food,2
1288,fairywren,eats,insects,eat,fairywren insects,2
1289,people,eat,litres,eat,people litres,2
1290,species,eat,plankton,eat,species plankton,2
1291,people,eat,bodies,eat,people bodies,2
1292,predators,eat,fill,eat,predators fill,2
1293,bodies,eaten,soldiers,eat,bodies soldiers,2
1294,bodies,eaten,soldiers,eat,bodies soldiers,2
1295,sharks,eat,nothing,eat,sharks nothing,2
1296,species,eats,amount,eat,species amount,2
1297,juveniles,eat,algae,eat,juveniles algae,2
1298,fish,eat,larvae,eat,fish larvae,2
1299,birds,ate,meat,eat,birds meat,2
1300,men,eat,meal,eat,men meal,2
1301,creatures,eating,people,eat,creatures people,2
1302,rootstocks,eaten,people,eat,rootstocks people,2
1303,mother,eats,placenta,eat,mother placenta,2
1304,children,eat,lunch,eat,children lunch,2
1305,husband,eat,breakfast,eat,husband breakfast,2
1306,people,eat,sushi,eat,people sushi,2
1307,soldiers,eat,body,eat,soldiers body,2
1308,women,ate,food,eat,women food,2
1309,queen,ate,morsel,eat,queen morsel,2
1310,workers,eat,meal,eat,workers meal,2
1311,workers,eat,lunch,eat,workers lunch,2
1312,species,eat,eggs,eat,species eggs,2
1313,frog,eats,skin,eat,frog skin,2
1314,animals,eat,crops,eat,animals crops,2
1315,children,ate,meal,eat,children meal,2
1316,families,eat,dishes,eat,families dishes,2
1317,inhabitants,eat,meat,eat,inhabitants meat,2
1318,men,ate,meat,eat,men meat,2
1319,people,eat,turkeys,eat,people turkeys,2
1320,crews,ate,hours,eat,crews hours,2
1321,alligators,eat,fruit,eat,alligators fruit,2
1322,partakers,eat,meal,eat,partakers meal,2
1323,animals,ate,people,eat,animals people,2
1324,guests,eat,cake,eat,guests cake,2
1325,people,eat,insects,eat,people insects,2
1326,couple,eats,dinner,eat,couple dinner,2
1327,adults,eat,nectar,eat,adults nectar,2
1328,males,eat,females,eat,males females,2
1329,priests,eat,meat,eat,priests meat,2
1330,one,eats,flesh,eat,one flesh,2
1331,father,eats,stew,eat,father stew,2
1332,tribes,ate,berries,eat,tribes berries,2
1333,maggots,eat,tissue,eat,maggots tissue,2
1334,father,eats,stew,eat,father stew,2
1335,larvae,eat,roots,eat,larvae roots,2
1336,whoever,ate,food,eat,whoever food,2
1337,rest,ate,deal,eat,rest deal,2
1338,individual,eat,meal,eat,individual meal,2
1339,birds,eat,meat,eat,birds meat,2
1340,families,eat,meals,eat,families meals,2
1341,people,eat,bowl,eat,people bowl,2
1342,chickens,eat,all,eat,chickens all,2
1343,chickens,eat,all,eat,chickens all,2
1344,snow,ate,bird,eat,snow bird,2
1345,parrots,ate,seeds,eat,parrots seeds,2
1346,caterpillars,eat,plants,eat,caterpillars plants,2
1347,women,eat,foods,eat,women foods,2
1348,men,eat,dinner,eat,men dinner,2
1349,beetles,eat,invertebrates,eat,beetles invertebrates,2
1350,people,eat,portions,eat,people portions,2
1351,water,ate,meat,eat,water meat,2
1352,one,eats,food,eat,one food,2
1353,slugs,eat,fungi,eat,slugs fungi,2
1354,eggs,eaten,female,eat,eggs female,2
1355,group,eat,supper,eat,group supper,2
1356,one,eat,meat,eat,one meat,2
1357,adults,eat,edges,eat,adults edges,2
1358,whoever,eats,fruit,eat,whoever fruit,2
1359,shrimp,eaten,food,eat,shrimp food,2
1360,shrimp,eaten,food,eat,shrimp food,2
1361,consumers,eat,food,eat,consumers food,2
1362,cat,ate,fish,eat,cat fish,2
1363,people,eat,people,eat,people people,2
1364,old,eat,meal,eat,old meal,2
1365,two,eat,pizza,eat,two pizza,2
1366,species,eat,foods,eat,species foods,2
1367,crew,ate,meal,eat,crew meal,2
1368,guests,eat,cake,eat,guests cake,2
1369,herbivore,eats,plant,eat,herbivore plant,2
1370,animals,eating,crops,eat,animals crops,2
1371,regulars,ate,lunch,eat,regulars lunch,2
1372,bat,eats,insects,eat,bat insects,2
1373,food,eaten,hand,eat,food hand,2
1374,families,eat,dishes,eat,families dishes,2
1375,women,ate,foods,eat,women foods,2
1376,mother,eats,food,eat,mother food,2
1377,priest,eat,meat,eat,priest meat,2
1378,people,eat,chicken,eat,people chicken,2
1379,cadets,eat,meals,eat,cadets meals,2
1380,cadets,eat,meals,eat,cadets meals,2
1381,passengers,ate,lunch,eat,passengers lunch,2
1382,males,eat,females,eat,males females,2
1383,species,eat,plankton,eat,species plankton,2
1384,consumers,eat,food,eat,consumers food,2
1385,water,ate,meat,eat,water meat,2
1386,remains,eaten,dogs,eat,remains dogs,2
1387,birds,ate,moths,eat,birds moths,2
1388,gecko,eats,variety,eat,gecko variety,2
1389,lions,eat,humans,eat,lions humans,2
1390,people,eat,leaves,eat,people leaves,2
1391,creatures,eat,people,eat,creatures people,2
1392,men,ate,dinner,eat,men dinner,2
1393,larva,eats,shell,eat,larva shell,2
1394,beetles,eat,invertebrates,eat,beetles invertebrates,2
1395,garden,eaten,soldiers,eat,garden soldiers,2
1396,ducks,eat,weeds,eat,ducks weeds,2
1397,mother,ate,food,eat,mother food,2
1398,workers,ate,lunch,eat,workers lunch,2
1399,boys,eating,onions,eat,boys onions,2
1400,ants,eat,elaiosome,eat,ants elaiosome,2
1401,tribes,ate,roots,eat,tribes roots,2
1402,fire,ate,way,eat,fire way,2
1403,males,ate,food,eat,males food,2
1404,men,ate,meal,eat,men meal,2
1405,herbivore,eats,plant,eat,herbivore plant,2
1406,males,eat,food,eat,males food,2
1407,bird,eats,seeds,eat,bird seeds,2
1408,dragon,ate,all,eat,dragon all,2
1409,girlfriend,eating,corpse,eat,girlfriend corpse,2
1410,ants,eat,elaiosomes,eat,ants elaiosomes,2
1411,priest,eat,meat,eat,priest meat,2
1412,people,eat,much,eat,people much,2
1413,testicle,eaten,head,eat,testicle head,2
1414,one,eats,orange,eat,one orange,2
1415,men,ate,meals,eat,men meals,2
1416,dogs,eat,grass,eat,dogs grass,2
1417,snake,eats,prey,eat,snake prey,2
1418,grouse,eat,buds,eat,grouse buds,2
1419,women,eat,meat,eat,women meat,2
1420,prisoners,ate,meals,eat,prisoners meals,2
1421,caterpillars,eat,plants,eat,caterpillars plants,2
1422,species,eats,earthworms,eat,species earthworms,2
1423,people,eat,lot,eat,people lot,2
1424,man,ate,food,eat,man food,2
1425,nutria,ate,poison,eat,nutria poison,1
1426,members,eating,chicken,eat,members chicken,1
1427,birds,eat,tons,eat,birds tons,1
1428,predators,eat,zooids,eat,predators zooids,1
1429,bears,eat,roots,eat,bears roots,1
1430,eagles,eat,carrion,eat,eagles carrion,1
1431,most,eat,carrion,eat,most carrion,1
1432,bears,eat,animals,eat,bears animals,1
1433,insect,eats,plant,eat,insect plant,1
1434,dholes,eat,quantities,eat,dholes quantities,1
1435,hunters,ate,diprotodonts,eat,hunters diprotodonts,1
1436,celebrants,eat,eggs,eat,celebrants eggs,1
1437,men,eat,suicide,eat,men suicide,1
1438,species,eat,snow,eat,species snow,1
1439,majority,eat,lunch,eat,majority lunch,1
1440,chemicals,ate,burns,eat,chemicals burns,1
1441,person,eats,much,eat,person much,1
1442,families,eat,doughnuts,eat,families doughnuts,1
1443,oysters,eat,zooplankton,eat,oysters zooplankton,1
1444,creatures,eat,droppings,eat,creatures droppings,1
1445,bear,eats,meat,eat,bear meat,1
1446,panelists,eating,lots,eat,panelists lots,1
1447,ants,eat,toad,eat,ants toad,1
1448,tomb,eats,food,eat,tomb food,1
1449,daughters,eat,meal,eat,daughters meal,1
1450,son,eating,lunch,eat,son lunch,1
1451,family,ate,lot,eat,family lot,1
1452,shark,eats,surfers,eat,shark surfers,1
1453,articles,eat,grass,eat,articles grass,1
1454,crocodiles,ate,range,eat,crocodiles range,1
1455,tenants,eat,crop,eat,tenants crop,1
1456,crew,eats,breakfast,eat,crew breakfast,1
1457,people,eat,mixture,eat,people mixture,1
1458,person,eats,curry,eat,person curry,1
1459,hares,eaten,dignitaries,eat,hares dignitaries,1
1460,fire,eat,half,eat,fire half,1
1461,dragon,ate,fish,eat,dragon fish,1
1462,guard,eat,food,eat,guard food,1
1463,mammals,eat,amounts,eat,mammals amounts,1
1464,mammals,eat,plants,eat,mammals plants,1
1465,cats,eat,grass,eat,cats grass,1
1466,orca,eat,birds,eat,orca birds,1
1467,kestrels,eat,mammals,eat,kestrels mammals,1
1468,believer,ate,body,eat,believer body,1
1469,couple,ate,twice,eat,couple twice,1
1470,iguanas,eat,faeces,eat,iguanas faeces,1
1471,myth,eat,minister,eat,myth minister,1
1472,animals,eat,animals,eat,animals animals,1
1473,honey,eats,larvae,eat,honey larvae,1
1474,apple,ate,apple,eat,apple apple,1
1475,lines,eat,flesh,eat,lines flesh,1
1476,parents,eat,fry,eat,parents fry,1
1477,members,ate,meal,eat,members meal,1
1478,mammals,eat,food,eat,mammals food,1
1479,mess,eating,cake,eat,mess cake,1
1480,god,ate,grain,eat,god grain,1
1481,hare,eating,cabbages,eat,hare cabbages,1
1482,cuisine,eaten,peoples,eat,cuisine peoples,1
1483,foods,eaten,origins,eat,foods origins,1
1484,coyote,eats,quantities,eat,coyote quantities,1
1485,party,eat,flesh,eat,party flesh,1
1486,cult,ate,victims,eat,cult victims,1
1487,fish,ate,amphipods,eat,fish amphipods,1
1488,winner,ate,dogs,eat,winner dogs,1
1489,people,ate,handles,eat,people handles,1
1490,student,eats,lunch,eat,student lunch,1
1491,types,eat,seedpods,eat,types seedpods,1
1492,somebody,eats,potato,eat,somebody potato,1
1493,snakes,eat,variety,eat,snakes variety,1
1494,ancestors,ate,snakes,eat,ancestors snakes,1
1495,activity,eat,food,eat,activity food,1
1496,horses,eat,bales,eat,horses bales,1
1497,peccaries,eat,leaves,eat,peccaries leaves,1
1498,opossum,eat,snakes,eat,opossum snakes,1
1499,wishes,eat,fish,eat,wishes fish,1
1500,objectification,eating,disorders,eat,objectification disorders,1
1501,thief,eats,face,eat,thief face,1
1502,iguana,eats,fly,eat,iguana fly,1
1503,children,eat,quantity,eat,children quantity,1
1504,cat,eats,bat,eat,cat bat,1
1505,bat,eats,cat,eat,bat cat,1
1506,companion,ate,meat,eat,companion meat,1
1507,cattle,ate,cattle,eat,cattle cattle,1
1508,dish,eaten,time,eat,dish time,1
1509,armadillos,eat,foods,eat,armadillos foods,1
1510,people,ate,bison,eat,people bison,1
1511,female,eats,women,eat,female women,1
1512,snake,ate,way,eat,snake way,1
1513,people,ate,snails,eat,people snails,1
1514,tribes,ate,fruit,eat,tribes fruit,1
1515,character,eats,eyeball,eat,character eyeball,1
1516,man,ate,lunch,eat,man lunch,1
1517,princesses,ate,food,eat,princesses food,1
1518,pochard,eats,plants,eat,pochard plants,1
1519,animals,eat,particles,eat,animals particles,1
1520,locals,ate,dinner,eat,locals dinner,1
1521,plan,eats,resolution,eat,plan resolution,1
1522,salmon,ate,hazelnuts,eat,salmon hazelnuts,1
1523,trio,eaten,offscreen,eat,trio offscreen,1
1524,frogs,eat,range,eat,frogs range,1
1525,leader,ate,lettuce,eat,leader lettuce,1
1526,mongoose,eating,food,eat,mongoose food,1
1527,one,eats,fig,eat,one fig,1
1528,children,eat,all,eat,children all,1
1529,villager,eat,bourgignon,eat,villager bourgignon,1
1530,insects,eat,fungi,eat,insects fungi,1
1531,oxidation,ate,holes,eat,oxidation holes,1
1532,most,eat,snack,eat,most snack,1
1533,spores,eat,flesh,eat,spores flesh,1
1534,cattle,eat,vegetation,eat,cattle vegetation,1
1535,kids,eat,kale,eat,kids kale,1
1536,children,ate,etrogim,eat,children etrogim,1
1537,cat,eats,sardine,eat,cat sardine,1
1538,sparrows,eat,seeds,eat,sparrows seeds,1
1539,larvae,eat,insects,eat,larvae insects,1
1540,species,eaten,peoples,eat,species peoples,1
1541,monkey,eats,fruit,eat,monkey fruit,1
1542,adults,eat,variety,eat,adults variety,1
1543,minimum,eat,bread,eat,minimum bread,1
1544,patient,eat,grams,eat,patient grams,1
1545,subplot,eat,nothing,eat,subplot nothing,1
1546,group,ate,food,eat,group food,1
1547,foods,eaten,mlinci,eat,foods mlinci,1
1548,citizens,eat,amounts,eat,citizens amounts,1
1549,girl,eats,whale,eat,girl whale,1
1550,months,eats,types,eat,months types,1
1551,panaque,eats,algae,eat,panaque algae,1
1552,kids,eat,gruel,eat,kids gruel,1
1553,species,eat,items,eat,species items,1
1554,herbivores,eat,plant,eat,herbivores plant,1
1555,duiker,eats,fruit,eat,duiker fruit,1
1556,grebe,eats,prey,eat,grebe prey,1
1557,colobus,eaten,carnivores,eat,colobus carnivores,1
1558,horde,eats,corn,eat,horde corn,1
1559,servants,eat,food,eat,servants food,1
1560,everyone,ate,dessert,eat,everyone dessert,1
1561,eagles,eat,variety,eat,eagles variety,1
1562,pilots,eat,chicken,eat,pilots chicken,1
1563,pest,eats,pollen,eat,pest pollen,1
1564,caterpillar,eats,eggshelf,eat,caterpillar eggshelf,1
1565,teacher,eats,banana,eat,teacher banana,1
1566,spiders,eats,spider,eat,spiders spider,1
1567,protagonist,eats,madeleine,eat,protagonist madeleine,1
1568,victors,eat,one,eat,victors one,1
1569,offspring,eaten,members,eat,offspring members,1
1570,tadpoles,eat,copepods,eat,tadpoles copepods,1
1571,carnivore,eats,batch,eat,carnivore batch,1
1572,animals,eat,dung,eat,animals dung,1
1573,population,ate,soldiers,eat,population soldiers,1
1574,cows,ate,grass,eat,cows grass,1
1575,robots,eat,way,eat,robots way,1
1576,leader,eats,remnants,eat,leader remnants,1
1577,executives,eat,lunches,eat,executives lunches,1
1578,larva,eats,enough,eat,larva enough,1
1579,boy,eaten,one,eat,boy one,1
1580,parents,eat,child,eat,parents child,1
1581,segues,eats,egg,eat,segues egg,1
1582,fish,eats,something,eat,fish something,1
1583,species,eat,diet,eat,species diet,1
1584,parents,ate,spinach,eat,parents spinach,1
1585,species,eats,plants,eat,species plants,1
1586,drum,eat,mussels,eat,drum mussels,1
1587,leopards,eat,goats,eat,leopards goats,1
1588,toilets,eat,ammunition,eat,toilets ammunition,1
1589,village,eating,places,eat,village places,1
1590,musician,ate,meal,eat,musician meal,1
1591,contestant,ate,things,eat,contestant things,1
1592,vertebrate,eats,host,eat,vertebrate host,1
1593,mice,eat,food,eat,mice food,1
1594,boars,eat,roots,eat,boars roots,1
1595,pigs,eat,roots,eat,pigs roots,1
1596,orangutans,ate,kinds,eat,orangutans kinds,1
1597,band,eating,food,eat,band food,1
1598,frogs,eat,fish,eat,frogs fish,1
1599,penis,eaten,villager,eat,penis villager,1
1600,practitioners,eat,vegetarian,eat,practitioners vegetarian,1
1601,one,ate,cow,eat,one cow,1
1602,king,ate,lunch,eat,king lunch,1
1603,cattle,eat,plants,eat,cattle plants,1
1604,boys,eat,food,eat,boys food,1
1605,cats,eats,sparrows,eat,cats sparrows,1
1606,guests,eat,porridge,eat,guests porridge,1
1607,cormorant,eats,proportion,eat,cormorant proportion,1
1608,blobs,eat,everything,eat,blobs everything,1
1609,mothers,ate,kittens,eat,mothers kittens,1
1610,male,eat,bush,eat,male bush,1
1611,line,ate,our,eat,line our,1
1612,larvae,eat,underside,eat,larvae underside,1
1613,females,ate,food,eat,females food,1
1614,rodents,eat,fruits,eat,rodents fruits,1
1615,whoever,eats,powers,eat,whoever powers,1
1616,sponges,eaten,fishes,eat,sponges fishes,1
1617,rail,eats,things,eat,rail things,1
1618,individuals,eat,individuals,eat,individuals individuals,1
1619,animal,ate,sheet,eat,animal sheet,1
1620,adults,eat,crustaceans,eat,adults crustaceans,1
1621,larva,eat,aphids,eat,larva aphids,1
1622,robin,eats,insects,eat,robin insects,1
1623,priest,ate,figs,eat,priest figs,1
1624,wherethey,eat,zooplankton,eat,wherethey zooplankton,1
1625,portion,ate,treat,eat,portion treat,1
1626,eccentric,ate,dish,eat,eccentric dish,1
1627,detainees,eat,access,eat,detainees access,1
1628,shrew,eats,insects,eat,shrew insects,1
1629,men,ate,pounds,eat,men pounds,1
1630,animals,eat,vegetation,eat,animals vegetation,1
1631,bat,eats,bat,eat,bat bat,1
1632,family,eat,fragments,eat,family fragments,1
1633,guest,eats,vegetables,eat,guest vegetables,1
1634,player,eats,foods,eat,player foods,1
1635,herbivores,eat,plankton,eat,herbivores plankton,1
1636,dogs,eat,breakfast,eat,dogs breakfast,1
1637,visitors,eat,food,eat,visitors food,1
1638,scavengers,eat,material,eat,scavengers material,1
1639,birds,eat,diet,eat,birds diet,1
1640,slug,eats,debris,eat,slug debris,1
1641,church,eat,bread,eat,church bread,1
1642,cow,eats,patch,eat,cow patch,1
1643,person,ate,types,eat,person types,1
1644,father,eats,potato,eat,father potato,1
1645,imago,eats,insects,eat,imago insects,1
1646,soldiers,ate,corpses,eat,soldiers corpses,1
1647,horse,eats,men,eat,horse men,1
1648,skates,eat,crustaceans,eat,skates crustaceans,1
1649,snakes,eat,lizards,eat,snakes lizards,1
1650,vow,eating,food,eat,vow food,1
1651,horses,eat,nothing,eat,horses nothing,1
1652,dragon,eats,way,eat,dragon way,1
1653,people,ate,pizzas,eat,people pizzas,1
1654,boys,ate,cake,eat,boys cake,1
1655,guys,eat,dinner,eat,guys dinner,1
1656,teenagers,ate,meals,eat,teenagers meals,1
1657,moki,eat,crustaceans,eat,moki crustaceans,1
1658,python,ate,livestock,eat,python livestock,1
1659,humans,eat,humans,eat,humans humans,1
1660,lads,eat,crow,eat,lads crow,1
1661,chimpanzee,ate,mate,eat,chimpanzee mate,1
1662,nazirite,ate,bulk,eat,nazirite bulk,1
1663,reindeer,eat,moss,eat,reindeer moss,1
1664,sister,eats,one,eat,sister one,1
1665,zombie,eats,eyeball,eat,zombie eyeball,1
1666,people,eat,piece,eat,people piece,1
1667,people,ate,pears,eat,people pears,1
1668,people,eat,mice,eat,people mice,1
1669,actions,eating,pretzel,eat,actions pretzel,1
1670,kangaroos,eat,food,eat,kangaroos food,1
1671,larvae,eat,surfaces,eat,larvae surfaces,1
1672,contact,eat,body,eat,contact body,1
1673,skiers,ate,loaves,eat,skiers loaves,1
1674,zebras,eat,grasses,eat,zebras grasses,1
1675,dog,ate,end,eat,dog end,1
1676,lovebirds,eat,variety,eat,lovebirds variety,1
1677,name,ate,hamster,eat,name hamster,1
1678,children,ate,diet,eat,children diet,1
1679,fathers,ate,manna,eat,fathers manna,1
1680,symbolism,eat,bread,eat,symbolism bread,1
1681,dunnart,eats,insects,eat,dunnart insects,1
1682,treeshrews,eat,exudate,eat,treeshrews exudate,1
1683,astronauts,ate,food,eat,astronauts food,1
1684,list,eating,utensils,eat,list utensils,1
1685,husband,eats,pudding,eat,husband pudding,1
1686,girl,eats,pieces,eat,girl pieces,1
1687,humans,eating,honey,eat,humans honey,1
1688,occupants,ate,brains,eat,occupants brains,1
1689,character,eats,nut,eat,character nut,1
1690,tourists,eat,fish,eat,tourists fish,1
1691,stages,eat,materials,eat,stages materials,1
1692,contestants,ate,hamburgers,eat,contestants hamburgers,1
1693,menagerie,eats,all,eat,menagerie all,1
1694,people,eat,chnbng,eat,people chnbng,1
1695,placodonts,ate,molluscs,eat,placodonts molluscs,1
1696,kangaroos,eat,bananas,eat,kangaroos bananas,1
1697,tortoises,eat,soil,eat,tortoises soil,1
1698,larvae,eat,inside,eat,larvae inside,1
1699,son,eat,dinner,eat,son dinner,1
1700,old,eat,all,eat,old all,1
1701,bicorn,eats,husbands,eat,bicorn husbands,1
1702,predators,eat,animals,eat,predators animals,1
1703,finished,ate,place,eat,finished place,1
1704,people,eat,egg,eat,people egg,1
1705,brothers,ate,meals,eat,brothers meals,1
1706,cat,eaten,people,eat,cat people,1
1707,males,eat,carrion,eat,males carrion,1
1708,customer,eats,persimmons,eat,customer persimmons,1
1709,squirrels,eat,variety,eat,squirrels variety,1
1710,population,eaten,fill,eat,population fill,1
1711,species,eats,fungi,eat,species fungi,1
1712,man,eats,hamburger,eat,man hamburger,1
1713,cobra,eats,men,eat,cobra men,1
1714,girls,eat,fruit,eat,girls fruit,1
1715,cat,ate,gymsuit,eat,cat gymsuit,1
1716,monastic,eat,flesh,eat,monastic flesh,1
1717,poor,ate,breads,eat,poor breads,1
1718,friend,eats,lot,eat,friend lot,1
1719,turtles,eat,mushrooms,eat,turtles mushrooms,1
1720,natives,eat,encomendero,eat,natives encomendero,1
1721,bear,ate,supplies,eat,bear supplies,1
1722,beetles,eat,portions,eat,beetles portions,1
1723,juveniles,eat,lizards,eat,juveniles lizards,1
1724,devi,eat,food,eat,devi food,1
1725,queen,ate,baby,eat,queen baby,1
1726,species,eats,products,eat,species products,1
1727,species,eats,range,eat,species range,1
1728,discounts,eating,habits,eat,discounts habits,1
1729,cock,eats,diet,eat,cock diet,1
1730,baby,eats,food,eat,baby food,1
1731,group,eats,monitors,eat,group monitors,1
1732,females,ate,papayas,eat,females papayas,1
1733,thieves,eat,puddings,eat,thieves puddings,1
1734,snakes,eat,mammals,eat,snakes mammals,1
1735,whoever,eats,one,eat,whoever one,1
1736,wolves,eat,animals,eat,wolves animals,1
1737,species,eat,flesh,eat,species flesh,1
1738,passengers,eat,goods,eat,passengers goods,1
1739,potoroo,eats,variety,eat,potoroo variety,1
1740,clingfish,eats,clingfish,eat,clingfish clingfish,1
1741,clingfish,eats,parasites,eat,clingfish parasites,1
1742,beloved,eat,fruits,eat,beloved fruits,1
1743,liver,eaten,daily,eat,liver daily,1
1744,sailors,ate,boobies,eat,sailors boobies,1
1745,frogs,ate,less,eat,frogs less,1
1746,contact,ate,dinner,eat,contact dinner,1
1747,children,ate,marshmallow,eat,children marshmallow,1
1748,defendants,ate,meal,eat,defendants meal,1
1749,pehlwan,eat,meat,eat,pehlwan meat,1
1750,amounts,eats,parts,eat,amounts parts,1
1751,dash,eats,cash,eat,dash cash,1
1752,bird,eaten,prey,eat,bird prey,1
1753,dromornithid,ate,plants,eat,dromornithid plants,1
1754,oats,eaten,water,eat,oats water,1
1755,cats,eat,rats,eat,cats rats,1
1756,sorceress,eaten,men,eat,sorceress men,1
1757,rebels,eaten,hostages,eat,rebels hostages,1
1758,student,eat,grape,eat,student grape,1
1759,poor,ate,soup,eat,poor soup,1
1760,lice,eat,algae,eat,lice algae,1
1761,species,eat,wood,eat,species wood,1
1762,doctor,eats,breakfast,eat,doctor breakfast,1
1763,larvae,eat,ants,eat,larvae ants,1
1764,queen,eats,nothing,eat,queen nothing,1
1765,warbler,eats,diet,eat,warbler diet,1
1766,woman,eats,porridge,eat,woman porridge,1
1767,penis,eaten,lover,eat,penis lover,1
1768,cow,eats,fruit,eat,cow fruit,1
1769,bodies,ate,time,eat,bodies time,1
1770,maggots,eat,flesh,eat,maggots flesh,1
1771,native,eaten,skipjack,eat,native skipjack,1
1772,rabbits,eat,bark,eat,rabbits bark,1
1773,villagers,eat,harvest,eat,villagers harvest,1
1774,one,eat,fruits,eat,one fruits,1
1775,brothers,eat,bird,eat,brothers bird,1
1776,millions,ate,way,eat,millions way,1
1777,mallards,eat,fruit,eat,mallards fruit,1
1778,fish,eats,ectoparasites,eat,fish ectoparasites,1
1779,squirrels,ate,trash,eat,squirrels trash,1
1780,descendants,eat,flesh,eat,descendants flesh,1
1781,inhabitants,ate,toasts,eat,inhabitants toasts,1
1782,daughter,eats,banana,eat,daughter banana,1
1783,time,eaten,adventures,eat,time adventures,1
1784,kids,eat,lunches,eat,kids lunches,1
1785,generators,eaten,team,eat,generators team,1
1786,palynivores,eat,pollen,eat,palynivores pollen,1
1787,one,eats,hand,eat,one hand,1
1788,returns,eats,supper,eat,returns supper,1
1789,lizards,ate,amounts,eat,lizards amounts,1
1790,one,ate,chicken,eat,one chicken,1
1791,tritylodonts,ate,food,eat,tritylodonts food,1
1792,type,ate,concubine,eat,type concubine,1
1793,person,eat,bread,eat,person bread,1
1794,subjects,ate,diet,eat,subjects diet,1
1795,members,ate,gebrochts,eat,members gebrochts,1
1796,catbirds,eat,snails,eat,catbirds snails,1
1797,peoples,eat,lichen,eat,peoples lichen,1
1798,birds,eat,flowers,eat,birds flowers,1
1799,birds,eat,leaves,eat,birds leaves,1
1800,mother,eats,dinner,eat,mother dinner,1
1801,oxpecker,eats,insects,eat,oxpecker insects,1
1802,kittens,ate,pie,eat,kittens pie,1
1803,larvae,eating,interior,eat,larvae interior,1
1804,queen,ate,flower,eat,queen flower,1
1805,player,eats,number,eat,player number,1
1806,sloths,eat,leaves,eat,sloths leaves,1
1807,daughter,ate,vegetables,eat,daughter vegetables,1
1808,team,ate,batch,eat,team batch,1
1809,spiders,eat,nectar,eat,spiders nectar,1
1810,third,ate,corn,eat,third corn,1
1811,animals,ate,food,eat,animals food,1
1812,spider,eats,prey,eat,spider prey,1
1813,inhabitants,eat,liquor,eat,inhabitants liquor,1
1814,fishermen,ate,variety,eat,fishermen variety,1
1815,zombie,eating,partner,eat,zombie partner,1
1816,coyotes,eat,meat,eat,coyotes meat,1
1817,amphipod,eats,sponge,eat,amphipod sponge,1
1818,secret,eats,secrecy,eat,secret secrecy,1
1819,rapist,eats,gum,eat,rapist gum,1
1820,everyone,eating,butter,eat,everyone butter,1
1821,skunk,ate,eggs,eat,skunk eggs,1
1822,larvae,eat,bark,eat,larvae bark,1
1823,competitors,eating,dumplings,eat,competitors dumplings,1
1824,ancestors,ate,food,eat,ancestors food,1
1825,word,eat,kr,eat,word kr,1
1826,crabs,eat,prey,eat,crabs prey,1
1827,cockatoos,eat,seed,eat,cockatoos seed,1
1828,instars,eat,parts,eat,instars parts,1
1829,people,ate,cats,eat,people cats,1
1830,friends,eat,soup,eat,friends soup,1
1831,victims,eat,dust,eat,victims dust,1
1832,troll,ate,daughter,eat,troll daughter,1
1833,man,eat,football,eat,man football,1
1834,dogs,eat,table,eat,dogs table,1
1835,sheep,eat,herbage,eat,sheep herbage,1
1836,crocodile,eats,pilot,eat,crocodile pilot,1
1837,ringneck,eat,seed,eat,ringneck seed,1
1838,organozinc,ate,organozincate,eat,organozinc organozincate,1
1839,man,eats,spaghetti,eat,man spaghetti,1
1840,participants,ate,food,eat,participants food,1
1841,instars,eat,ants,eat,instars ants,1
1842,animals,eat,porridge,eat,animals porridge,1
1843,creature,eats,mask,eat,creature mask,1
1844,woman,eats,rice,eat,woman rice,1
1845,crocodile,ate,hand,eat,crocodile hand,1
1846,latter,ate,nothing,eat,latter nothing,1
1847,sages,eating,milah,eat,sages milah,1
1848,latter,ate,lunch,eat,latter lunch,1
1849,animals,eat,remnants,eat,animals remnants,1
1850,cultures,eat,milt,eat,cultures milt,1
1851,most,ate,animals,eat,most animals,1
1852,pygmies,ate,one,eat,pygmies one,1
1853,head,ate,grass,eat,head grass,1
1854,mother,eats,part,eat,mother part,1
1855,consumers,eat,lettuce,eat,consumers lettuce,1
1856,troops,ate,supplies,eat,troops supplies,1
1857,people,eat,satua,eat,people satua,1
1858,butcherbird,eats,fruit,eat,butcherbird fruit,1
1859,children,ate,quantities,eat,children quantities,1
1860,half,eaten,larvae,eat,half larvae,1
1861,wife,eat,heart,eat,wife heart,1
1862,rooster,eaten,piegunieki,eat,rooster piegunieki,1
1863,edge,ate,way,eat,edge way,1
1864,flies,eat,flesh,eat,flies flesh,1
1865,group,eaten,crabs,eat,group crabs,1
1866,animals,eat,fats,eat,animals fats,1
1867,insects,eat,nectar,eat,insects nectar,1
1868,individuals,eat,number,eat,individuals number,1
1869,perenties,eat,arthropods,eat,perenties arthropods,1
1870,cattle,ate,lands,eat,cattle lands,1
1871,animal,eats,much,eat,animal much,1
1872,customers,eat,fries,eat,customers fries,1
1873,fires,ate,dances,eat,fires dances,1
1874,pigs,eat,waste,eat,pigs waste,1
1875,devil,eats,pile,eat,devil pile,1
1876,students,eat,classes,eat,students classes,1
1877,prince,eaten,young,eat,prince young,1
1878,citizens,eat,beans,eat,citizens beans,1
1879,bat,eat,mouse,eat,bat mouse,1
1880,comedian,ate,hamster,eat,comedian hamster,1
1881,person,eat,right,eat,person right,1
1882,party,ate,everything,eat,party everything,1
1883,inhabitants,ate,crew,eat,inhabitants crew,1
1884,bats,eat,thousands,eat,bats thousands,1
1885,people,eat,cuisines,eat,people cuisines,1
1886,dad,ate,father,eat,dad father,1
1887,day,eat,food,eat,day food,1
1888,something,eating,foodstuff,eat,something foodstuff,1
1889,spiders,eat,silk,eat,spiders silk,1
1890,thee,eat,words,eat,thee words,1
1891,humans,eat,meat,eat,humans meat,1
1892,boys,eat,flesh,eat,boys flesh,1
1893,adults,eat,offspring,eat,adults offspring,1
1894,fish,eat,offspring,eat,fish offspring,1
1895,kills,eats,remainder,eat,kills remainder,1
1896,young,eat,animals,eat,young animals,1
1897,caterpillars,eat,tissue,eat,caterpillars tissue,1
1898,one,ate,breakfasts,eat,one breakfasts,1
1899,users,eat,meal,eat,users meal,1
1900,spider,eats,flies,eat,spider flies,1
1901,species,eat,carrion,eat,species carrion,1
1902,contestants,eat,lunch,eat,contestants lunch,1
1903,maggot,eats,way,eat,maggot way,1
1904,fumes,ate,skin,eat,fumes skin,1
1905,cyborgs,eat,meat,eat,cyborgs meat,1
1906,wife,eating,breakfast,eat,wife breakfast,1
1907,troops,ate,quantities,eat,troops quantities,1
1908,people,eat,animal,eat,people animal,1
1909,pigs,eat,all,eat,pigs all,1
1910,parser,eating,resources,eat,parser resources,1
1911,killers,ate,parts,eat,killers parts,1
1912,roach,eats,range,eat,roach range,1
1913,species,eats,crabs,eat,species crabs,1
1914,monkey,eat,objects,eat,monkey objects,1
1915,all,ate,poison,eat,all poison,1
1916,emus,eat,fruit,eat,emus fruit,1
1917,ones,eat,flesh,eat,ones flesh,1
1918,pests,eat,leaves,eat,pests leaves,1
1919,father,eat,cat,eat,father cat,1
1920,berries,eaten,children,eat,berries children,1
1921,animal,eats,tick,eat,animal tick,1
1922,genera,ate,plants,eat,genera plants,1
1923,dog,eats,barleycorns,eat,dog barleycorns,1
1924,character,eats,onigiri,eat,character onigiri,1
1925,writing,ate,eyes,eat,writing eyes,1
1926,pelicans,ate,liver,eat,pelicans liver,1
1927,instars,eat,leaf,eat,instars leaf,1
1928,sires,eat,plant,eat,sires plant,1
1929,mongooses,eat,insects,eat,mongooses insects,1
1930,people,eat,birds,eat,people birds,1
1931,hordes,ate,seedlings,eat,hordes seedlings,1
1932,character,eats,dot,eat,character dot,1
1933,brother,eating,dinner,eat,brother dinner,1
1934,individual,eaten,aboriginals,eat,individual aboriginals,1
1935,creature,eats,janitor,eat,creature janitor,1
1936,steak,eating,scene,eat,steak scene,1
1937,character,eats,fruits,eat,character fruits,1
1938,orangutans,eat,soil,eat,orangutans soil,1
1939,one,eats,man,eat,one man,1
1940,kebakkos,eaten,hand,eat,kebakkos hand,1
1941,wasps,eat,larvae,eat,wasps larvae,1
1942,young,eat,egg,eat,young egg,1
1943,queen,ate,apple,eat,queen apple,1
1944,birds,eat,invertebrates,eat,birds invertebrates,1
1945,sister,ate,eggs,eat,sister eggs,1
1946,raven,ate,horse,eat,raven horse,1
1947,robbers,ate,raven,eat,robbers raven,1
1948,night,ate,piece,eat,night piece,1
1949,jackals,eat,food,eat,jackals food,1
1950,goat,eats,ticket,eat,goat ticket,1
1951,dog,ate,one,eat,dog one,1
1952,boar,eaten,magars,eat,boar magars,1
1953,castes,eat,meat,eat,castes meat,1
1954,poor,ate,tadpole,eat,poor tadpole,1
1955,wasps,eat,eggs,eat,wasps eggs,1
1956,larvae,eat,everything,eat,larvae everything,1
1957,racer,eats,diet,eat,racer diet,1
1958,larvae,eat,eggs,eat,larvae eggs,1
1959,rats,ate,food,eat,rats food,1
1960,animals,eat,foodstuffs,eat,animals foodstuffs,1
1961,one,eat,grass,eat,one grass,1
1962,policeman,eaten,wolves,eat,policeman wolves,1
1963,sheep,eat,grass,eat,sheep grass,1
1964,sheep,eat,surprises,eat,sheep surprises,1
1965,bats,eat,fruit,eat,bats fruit,1
1966,houses,eating,places,eat,houses places,1
1967,survivors,ate,food,eat,survivors food,1
1968,butterflies,eat,nectar,eat,butterflies nectar,1
1969,clone,eats,body,eat,clone body,1
1970,locals,eating,dugongs,eat,locals dugongs,1
1971,world,eats,plate,eat,world plate,1
1972,cetaceans,eat,menhaden,eat,cetaceans menhaden,1
1973,neither,ate,barley,eat,neither barley,1
1974,yabbies,eaten,plain,eat,yabbies plain,1
1975,characters,eating,staple,eat,characters staple,1
1976,tractor,eats,best,eat,tractor best,1
1977,demon,eats,strips,eat,demon strips,1
1978,sensation,eat,portions,eat,sensation portions,1
1979,species,eats,corral,eat,species corral,1
1980,humans,eat,food,eat,humans food,1
1981,species,eat,snails,eat,species snails,1
1982,father,eats,things,eat,father things,1
1983,hawks,ate,plant,eat,hawks plant,1
1984,species,eaten,population,eat,species population,1
1985,attacks,eats,woman,eat,attacks woman,1
1986,groups,eat,beef,eat,groups beef,1
1987,moth,eats,leaves,eat,moth leaves,1
1988,diners,eat,date,eat,diners date,1
1989,most,eats,food,eat,most food,1
1990,toucan,eats,fruit,eat,toucan fruit,1
1991,spurdog,eat,variety,eat,spurdog variety,1
1992,duo,eat,meal,eat,duo meal,1
1993,roots,eaten,gophers,eat,roots gophers,1
1994,strollers,eat,satay,eat,strollers satay,1
1995,visitors,eat,meals,eat,visitors meals,1
1996,caterpillars,eat,parts,eat,caterpillars parts,1
1997,wolf,ate,horse,eat,wolf horse,1
1998,sultan,ate,complaints,eat,sultan complaints,1
1999,beetles,eat,leaves,eat,beetles leaves,1
